userId,userType,username,firstName,lastName,password
,Admin,chickenking,Chicken,King,KFCyummy@
,Admin,bigTiffa,Spaghetti,Linguine,Meatball@
,Admin,Bepan,Steppin,Big,BiggieSmall@
,Admin,QQ,Intel,Quartus,PrimePrincess@
,Admin,Xx_teaEfftea_xX,Discord,Nitro,FiveNighteyNien@
,Admin,Rativities,Chef,Ratatouille,ScurryAround@
,Admin,PastaLaVista,Pasta,La,VistaBaby@
,Admin,Pablo,Frontyardigan,Backyardigan,Pabl0@123
,Customer,HLHmyMcFmxAJqUavGXusGtEPsXC,Ceil,Goghin,dnuWSpZ1oyyjzRQcuII6OUTLmjf
,Customer,3xZ8pAtxGcoU1e8p76FcFDD,Melita,Flegg,GyLUiOC6LThGsmzYoqZXgy4
,Customer,wypRd6MkhXmKDoFhcLYra0QqV,Corty,Mayler,o3kqeX6XM3lt1GDPIrwwbjhIz
,Customer,AZ5CR6W71T6YQOVwuA2WE3dgOOQkpxe,Nadean,Burges,mTNpjFrrEQuMJXWvQXAsXjjj63Bhs0k
,Customer,x41sdMQOvQJWerMcpFdMv8NoN8S5,Marcy,Spawell,3s3ATn4nqAuwpNcg8X9RI7M4xG4P
,Customer,oNhUZTGYylX6noGFSHD,Marcile,Roubottom,i5keYW5Kc5KaoXLt2cV
,Customer,wXTskKeiRBZpmVXjS7k1ounXMHK,Nanny,Mardoll,7xhN5t6lxA1ouoNvBAelQrwVj3A
,Customer,PR2wQtmffdbtWeiNDv2VUi,Kelcey,Castelletti,5TEyoFV7wP79zh8TD6SmWD
,Customer,pB1jhH3WSxUy6,Nonie,Stearley,7yOHbGfXdWoIf
,Customer,qPtRADcXX,Jayson,Younge,qReRhqU1i
,Customer,ip4nX82O,Truda,Beglin,zO50Tkdt
,Customer,XOlbkLd5RtIw3bIn3R8nO8LWrS,Carena,McKinn,XNn1WOX5MpprdlmTihoFpQXqo5
,Customer,KbZ8hINJecikropjWC30zmEN7,Ollie,Emerton,HhiaMh8kX9tW8jkG85BdX1q7S
,Customer,I3INPbw8hZ0,Myca,Joannidi,Xyu8GI9W6hO
,Customer,XnjqfqmYyIgnPA,Lucky,Avrahm,cYAWZxWeQbJexY
,Customer,TI5bjos5RG8uLHVMq,Carena,Joannidi,366pUHKUefVBqpnfS
,Customer,XVn5X2dJ6udwmPoS59ZWkOzDj,Jerry,Rickman,Lhj6WcMKkhkDeFWK16lwMT6gJ
,Customer,vpueMy0ZPBcH124KCOGq5PM4lm4po,Cornie,Hansman,2oMFIStTZkizFn8FHVlo57F3vtRVY
,Customer,jRA5ncpapS3j,Kurtis,Haslewood,XjhB0NDNdsMe
,Customer,Y1x8tqbAHM8U2yDX27JiDWmoc,Melita,Spawell,fx0Dr989dExG9PLBvWYT3UxvK
,Customer,Ch7UuI2vMaf,Oberon,Geely,TByjLyimZOX
,Customer,1XHQUGWCaynOQ,Tommy,Rabbage,PUlkpSxJvqFOg
,Customer,0q6JQijZHMcV76,Bliss,Hartus,E7LfivVaHAfaW1
,Customer,ILewNawvw0t24kvZqV2rwc,Kat,Hector,WuPGiYDfdDrth1Dvim8lN9
,Customer,xFYGGVy7knKBCjo1uAdF1bp,Melesa,Jeannenet,SIsTohe6TIEXzWsemkdBmio
,Customer,mKHQyGBS4KPuRL,Grata,Gyorgy,lxz3H3f0uMXaNz
,Customer,fkrLZRWF6cY8Lh1qFHzqNhnX58n,Moishe,Emmatt,1ydJDfUIZto8nEEt7ryuW5qPLTs
,Customer,9qE7mu0hKF,Shalne,Pendleberry,PdDEhNbNrb
,Customer,v93R1NkGrYwiLVFHpv2ZBODdHT6lv,Reinwald,Emerton,mx3XLMQnPabMvNjfS8RT7O98D79a9
,Customer,nFKjLU67YjXERb6kCM,Rustin,Byer,Ky6M7JvhGKkGK80vjh
,Customer,Kh94JEg9mkpteuIvV,Gearard,Stearley,OakaueBiwiKQC13T8
,Customer,TRjvjpQcg,Jayson,Foulsham,01F67c9sY
,Customer,JXoIygY0ijyRyqPPR82k6,Kurtis,Van Dijk,tSEk7gF4FYLgEArR7wS4L
,Customer,4t7TzQMZJjgVh3wCa3bHS2U,Christoph,McCallion,UPealQ4JEKCivksCrrZc0i0
,Customer,0VogsjxMfntaQHirS,Dex,Mueller,CktyHSHXBFTxZNjU8
,Customer,XFBv70hs8ErbjjWm7XDyRy1b,Allister,Missen,9EccDhN8zj4sqzcfFGpeIdMk
,Customer,TnATXn0qTOXImqY,Sasha,Roubottom,oTXXZuOCeI0mHok
,Customer,TEwRAaW16iRaAIQ7XItD56ajI3mud,Salomo,Tillyer,1vJpfILlJ8I5XMghBk3rhPDtlQcF9
,Customer,C7d0AFl2V1,Shaylynn,Corr,KpbInKG33S
,Customer,FUW7ei12ZN3i9URoY3,Cecily,Spawell,zVtSGDYU5UAcQx9M0k
,Customer,z3uDdGZzhl32AmsLfm5F6wQ7vHv1ik,Vale,Mettetal,5tpEilvqQACZRtz0PIsJzHPIjW3gJy
,Customer,7iRObSG9N953pii8P,Corty,Isenor,MU3IHWXn0VLG38M6w
,Customer,QxgE3f8dyk3LFBLqHXxksbKdd,Arch,McCallion,EPWDdlpyfgvwSowXjPriz8pUC
,Customer,EVgvfp1kC,Marnie,Emerton,3o0BG9aNb
,Customer,Ku04Fb7fSENf1fAzYdCyJLuz2p0mu,Dita,Dewfall,F8kWlErJMJHNWIgSXiG9OcDttDkbD
,Customer,cRyJKjDIOl6qyjaYyRXkbqZSt,Nadean,Emmatt,th2echLT6deJAf1F3AKA3JKda
,Customer,nJqjWtnS3sm90gi4wTnvd,Helga,Pirrie,6dCMQx44o45IH6qh1te40
,Customer,sqyNgGMRb6wROFu,Tammie,Munnis,fv2AlJbuZGPq7bF
,Customer,3TiVxADGxAJ20JcPflIkE3YdZ2a,Marcy,Stearley,LidmreFcqzpiA4bOMrpkSnuxzuS
,Customer,OoAAE8Dl52KusURh8sd2qVt6Y4YT82r,Tammie,Tonkin,59rbUbXGgtJhRInfJPXrkZ5W8jFD3LL
,Customer,wFqhIE0BB1bJCgawDL,Cornie,Tillyer,dfFDc9bjyWINu7RWnZ
,Customer,8sO827RJzXM6RPUHKY71Iu6lN,Nathalie,Killner,U3cfRuGL0KUgFI1UhxioVEtZc
,Customer,85XJUAF6OTfh7,Salome,Spalls,3lbECwyCzVaSR
,Customer,61cxM6n4JWfkWP,Stephannie,Dewfall,9w632m3CpFex0l
,Customer,XeU0Hrq7IPsWzCH9cB,Torrence,Dominici,X9HNstXRsd0AsIhFnr
,Customer,ZubOSXQPC9Klbd4KuksS8CZLFk2Uc,Rolf,Gun,0pHkEDU8KRCdQzK5gJc5D7uowVvu6
,Customer,ZWVNcTh730jfSpfNf2OFLLt5PyDC,Gearard,Bointon,6jQSqHKuhBP26YuDvXkDMSC9yuTC
,Customer,wVfYKXGV1Fc,Helga,Spalls,QbchO2o289g
,Customer,4ClDrNdoTi83JSSxmey,Ramona,Hartus,CRCQQWedof4IUNHxfRE
,Customer,G5QoFb4Q04n,Gerda,Enderby,12d6tK7aSpt
,Customer,BxFPsWoCmMplDwpM7yx2dDoMZFqMy,Bone,Windibank,R0scOiWTD44GWCabjUiMswjB0pbNv
,Customer,mmzQbxr32GokAnXFQqg8DeW9Y0lxzMx,Ceil,Spawell,6dxMOpNhHsTruq9oJe4NMh6HqOIpoBe
,Customer,JhB3vadNQsmiZ2PXwTjkhc,Christoph,McGuinley,CtL0n78T3AhSZqMwvB5gSc
,Customer,yPsxxOErc,Trever,Duding,vE1ilt6OU
,Customer,WZAPcsJKjUdyY1QG9JQLqNI,Rolf,Younge,fzkidLZhKRBO4WxX2tlg6LQ
,Customer,jtOhSxUUnX,Boniface,Goolding,AB2HJY7EGh
,Customer,no7qP74wz7AXxpDsMQevMhlL,Joey,Emerton,cVWOAkySBqImHgmZBpT5Sxcs
,Customer,NM5zyPTQn,Malena,Gyorgy,1GGwVARdE
,Customer,8fCwlMHgbD,Oberon,Brimble,ujlORRqYcN
,Customer,YXeDpPV0ffzOrZa0POwsn,Melita,Scraggs,exN0MlTM2v3veKdxMXXVN
,Customer,dhuBV9lbHjhIg958CVZXytG8Q,Shalne,Mueller,btOTotfdsGWSuunOEF4WgvKuj
,Customer,PJBKdqzEHr3JtexWOnHyLP,Clim,Byer,NjAjTPW5wvmXuZjag9aoWN
,Customer,yf3h9EXMFeos5XrkKG,Tracie,Elix,ZumsWrOA5FcmqCOOHY
,Customer,wNvOamaL7k72Jf0BSU767H3d,Oberon,Tonkin,6aGckV5roToKawrS8jUlqE2f
,Customer,IjMDs08GVVFLs8l4VZfH8lTtz4,Nadean,MacDearmid,IgfitfMPyfdm388wyjV1fqP9wv
,Customer,ZjAhzkLu9UDmXkqh2iFXQOnWQXDGred,Jacenta,Corr,RfyBoOU2DNlM9ukndGDvSxhHq98Tm9d
,Customer,ShdQOjomkiHOf3sylLtLf3bQH,Corty,Tillyer,G5L2v18HqKmfLFHsP1RrJq1SM
,Customer,G9JiXa7A5l4PYCL6k,Shalne,Tonry,G8OEZk8Pr03fMVja8
,Customer,qImkzvt7Xdg8ztFK6JkV0gduUhh,Nadean,Dominici,zjx5NuimC2cAtqYTfNH8rAEM2jm
,Customer,vIX5WoUwxaBrbc5zY2x,Dita,Azemar,qMqjnj71dMYm8PhSXy4
,Customer,TJZD7ssneWbVEd,Allister,Pirrie,Y8LxCd3ov2PaO5
,Customer,BTpqAW22EWyU,Johnny,Avrahm,jmWK2GHtaHeH
,Customer,qhETGCtJLlDS750HVO1SalcUBH9,Barn,Beceril,ixJ34Obk61mizCRkjNutZcVJRip
,Customer,fhP2b2I3,Felizio,Giorgiutti,GrigOurl
,Customer,Pj53Gj0ETbUxDIiz2nVA,Tommy,Holligan,Qo55nmhbpA8jXIWWuyjI
,Customer,sCHlkNceVnc,Johnny,Iacoviello,fB6wJSBTtNi
,Customer,4uQ8Lwa6,Grata,Dael,lgLF0MSt
,Customer,5XxumL5ueVieqQQAzfoJ,Grata,Killner,etE1Q7doDJFs09nZYKc7
,Customer,Er5zFiG1Tw,Jerry,MacDearmid,oMbLpCsQz1
,Customer,FKAAukzTsYUFEjN,Kelcey,Spalls,fBbhdrIjgBDVUWK
,Customer,vgyqocQ4azcBrtbTm5lNWgqxkCEii8w,Christoper,Foulsham,6Cg1mMojIAzpvLLgBUlylQ0iopwIqMM
,Customer,rBxE8O1a03QQjoMI,Sabine,Burges,NcShioJL8zhJfCy9
,Customer,uRa5Xq2SxYiYkVfhvxLZ9,Helga,Corr,CA1UhyAfnuksxD5RaMjrP
,Customer,W0taO1Ua8xYIRsnHGEv8sZGW,Vale,Bakhrushin,8JuB7Vy0fXp19qxsj5bHr9Bi
,Customer,69SiyuLWskISYKvb4CMh,Johnny,Spawell,LJbkvEUGH6R3PdIzpNsh
,Customer,Me6OJKQdoqUfF491oIDBaQkJISOP4,Nanny,Bitterton,mABRRacLIVz3NI6TDxmruFithJV3f
,Customer,UO0xlUGCKIibXGEaHA78,Dita,Windibank,FzpCfk5aKxDIwI6KcS6V
,Customer,6bajw8Ekx1yrGbgZxnet9Tc,Rosamund,Jeaffreson,WR2pcwn2puLwwaocrGxMhgv
,Customer,3ZEkiotE2ooxZ9qc0YotuVnSvbFG,Melita,Dael,X5i0D0GdjaoRG2kx0tuYWnjxiGi1
,Customer,j90P7049LtVk,Helga,Giorgiutti,KuD95i0ntVEM
,Customer,0LShYXpfVP,Tammie,Moxsom,FSNg7mwwDb
,Customer,697DrLkUm,Trish,Brimble,lOhITHdm9
,Customer,bI79kGFSZXQEbNe,Deborah,Mardoll,v1UXOCXrsBrUncX
,Customer,Aj2WWvlW4mn,Agnese,Klimkin,ygbrP3I74x2
,Customer,156b7JLLz,Malena,Duding,3hrm2KvZk
,Customer,0pgrcQOZUhTTZfiG4KIWMZT94qIGj,Marnie,Windibank,0pjbJs0oWcctSBzg0BPZfVnNoB7dP
,Customer,OVo7lLsog249mdpSYjD,Tommy,Isenor,fARduTCOpWtywWEMsrJ
,Customer,h5qgn3NwJ1diHrip0mwxn6VH,Lothario,Mettetal,TCzsw3BPB1NokWYaZEzK1VWk
,Customer,14MjhSDQGJ,Gearard,MacDearmid,VfnUvYE0xN
,Customer,t5XtOFYvks9as,Clemmy,Presser,Z7M5zyE5xCZ0I
,Customer,iqolpzAq,Deborah,Iacoviello,hnhW2fyI
,Customer,MtNrAX3AmFelR,Helga,Byer,NKQwWlLQqv9GW
,Customer,LagpWYImVM5tOVv1jy85xmcc,Nonie,McAuliffe,M4iQsUGCLjpciKpxClqNZOxo
,Customer,KP5TApROjIpPQQnvhcr5T03DejeG6,Rosanne,Stearley,lpGFB2jhQwoUxsgKVkHqwolXPSwaA
,Customer,UvHUUgewyRF,Margaretta,Spalls,svxb3FhQfZ0
,Customer,tGRcQIN4kAybyzmZB7A,Valentia,Sayes,Wpj27jykiqnhHpqwJNY
,Customer,uxYjtl4X17drL9qqua03YcN,Dex,Dominici,RQ1KKSeG3zpsM9PuUkO8pX9
,Customer,3IyQPLY0GWbz,Corty,Washtell,Qx3ZyxMPbLvm
,Customer,3DwZKvaeHSZ,Marnie,Paoloni,cKXMkeHxKUL
,Customer,dbxiZpSQe4dPkkpnfZogVLX,Marcile,Roubottom,Ye6WQtIrrPGHpi8l7oGQyz0
,Customer,YTeWPVwB9hW88c,Tammie,Emerton,Xq31tmEnE2p0gC
,Customer,RQ1r13dJisq9pCNXe7fo4k,Neron,Mettetal,BZTmCgS7nmlPHB5bOlTEYQ
,Customer,mAQGDus03YKGbO,Melesa,Washtell,MzIAY8ioPrCrqu
,Customer,cmlLv6IoVB7iwL4z,Rolf,Munnis,vVu2PsxidOdf4Km5
,Customer,Uw9JbY8BPX9,Bliss,Jakel,BWTUAEGiwJB
,Customer,hnlNMNgZ66gl0fLGSK,Agnese,Spawell,qyoVjct01HGK7bp2tA
,Customer,4HyCd0QeNP1n,Jodi,Ardling,l5NOjq5sy7CP
,Customer,ecFAwSouTyhA48WUdoX7xB7k30,Stephannie,Durtnell,lIRr0dlMMnvFzoVIerNX17f48k
,Customer,8At4rgd6byVaSqBRaUYToy2MQCDN,Lothario,Munnis,6x5kt8s0N08O1JxPzCRaUXLzLfKn
,Customer,naqBk6hNn401eBBCgOORGd,Donelle,Moxsom,SV9WmhkBXJTvhifd4Wr3Zh
,Customer,L2L16TcftlOcI,Dita,Frickey,vLM9rgX37SweK
,Customer,Hseyhe488aL,Bone,Elix,SqTPvt8Zayc
,Customer,AzNFe0aY5,Jodi,Elix,5kZPxHgWu
,Customer,KalqbEJQMv4r7RySJH2qE1V,Hillery,Tillyer,mJdWBkym686QqtT3pb69i8b
,Customer,1TcH0pTRs8TS,Marcy,Mynard,PztVAMkXrcev
,Customer,aMMpagUttVrOV,Vale,Burges,13pfSmMIPQPjB
,Customer,UTwNNu9kfl5I3Oczu1izfOCJ2tPDbj,Kristy,Goghin,7YGqTGM1UYWnibBVgQOMmdRiURR1j6
,Customer,nf58CvMbe,Janetta,Flegg,aZyCEe2cO
,Customer,SbJZic90YWJ29mboB1QLA1ACfOtBv9,Trisha,Gun,xalxqnyqCvJxVoIXwZIH9CQUg36qUR
,Customer,7tJOhQQPvYiY8yoFcXLxT3NzJ,Allister,Gun,pqEydiRlLRlRtFCyptuAr6coD
,Customer,fJ9z5A6NBniS3jLqaFcm2Se5,Helga,Spalls,jPn2X4Bj1lOHUtjuGnVmwUw1
,Customer,d9zrYpwRGsex8nlKUhHB8,Lucky,Mardoll,ZMAmKJoYGjw2ZbCTUZvpE
,Customer,EMYWkrc4,Rolf,Davisson,t8YretnV
,Customer,1jPMuU4n,Tammie,Beglin,fYeR81V6
,Customer,fvqh4BXufpeeQVudsKo,Lou,Corr,NRPrsZ4eav3HuLt9Nxh
,Customer,Z8yKWHX8ATlzTj,Donelle,Giorgiutti,bixGhvXqLdGpQ2
,Customer,luYYzBWER5NW0XfnhWLTBX0GK5tXBp,Oberon,Bitterton,OTFkJBeEY2ZUrzhQ4wD7uS7uxyAbSo
,Customer,10wkzEauGntpWrhIuIk0Pk,Myca,Mueller,CICoz1lokF0VVPjcnmlKES
,Customer,Wf5Se1CegN9erfSzqXNdy,Richart,Jeaffreson,nV1TEiAM6hTIWciZC9gUc
,Customer,ArzTs43oQC5I,Allister,MacDearmid,BuWc2EtPlptR
,Customer,lGYHM1OzIYDpPhtwiNr2zSa5lpTX,Barn,Shirland,pmsdcNIPhAXWqVFIikx0LYqTgTDW
,Customer,uWXTDG0tJp0DD,Nadean,Spalls,1bFHdGnvvMVlT
,Customer,4QayulDGOEcWxrIwpGMhzHjeWKXzP,Cecily,Shedden,YmNWpJA9P8qIRdJGnIhjpaJ18nJhh
,Customer,SbCKPlllM00vD7n,Agnese,Bointon,lGZNwG52f5G7jWs
,Customer,5mx9lHSaIkJIJ,Lawton,Avrahm,IjDPG5g60vgI6
,Customer,lQtIRljO0LMKUDG6gMq9AQz6Quq2,Shaylynn,Shedden,0XAMq6blDZWSR1wl8k7Y5iGzyOzZ
,Customer,2TSIMWoPN67gthM3DVkytCTWxQcG,Valentia,Hector,6EZY05KIJfrE0IO1OewvT2XGz36D
,Customer,DCEm4ZfDKv4OGuzwGDl07ve5vvvkSGF,Osborne,Davisson,aF01LobCCzjgz8CqslDp4sprx6ccgOQ
,Customer,nayynnPc6b76jRRM6ETfoB1azzoWxs,Margaretta,Tonkin,8fjnZtSrCJjouLPWYjkZLqatign5XB
,Customer,V5MQRmoWPd09m2AhitO,Jayson,Iacoviello,ipRdsdoLs0r9biOtJue
,Customer,6Zr5fm90jt5pPcRtS,Rolf,Beglin,XMvqHMHLY2ndYiCae
,Customer,f9lWi37Ft83Xxxj,Terra,Holligan,6pA7TIPoeP3BQrm
,Customer,quoKUMcP45Kb6rhgNprElWzcsU,Margaretta,Frickey,Zfh5NzX55UDlIqzwi57O1d35h1
,Customer,iSFF3cPhWkKSkUOjPIc,Myca,Tonkin,A6BGaSEs5X2U4xI0FVJ
,Customer,4bMtWCJwgkjbb3tiPhy06kDzX2qn,Janetta,Killner,m4UOfLKoJDf6aEXbTj7ZYqrA95kh
,Customer,Ny51T9LISFsvhkP1SXdKk,Sabine,Jeannenet,FOCkCGNwHzldeq42a8hD6
,Customer,WoqpooTavJ4Ay8mUNxQLbbyDB,Tammie,Flegg,FJ5kLvxlFkUUKV09l9Ho63bXT
,Customer,pBR2wY4ExCH,Almeta,Landre,WrN6nh49QlM
,Customer,ooW9IShNhCm1hpZi7W0AsRHVBkU,Carena,Duckering,o9Vw5pA1b0n3SqpXUsqHlekqZw4
,Customer,OEYJHeAxwAvuVMe8gTkh,Christoph,Rickman,PeHBuAGz4Vx5goae2Ujd
,Customer,nf7JIgN9m,Kelcey,Dominelli,kJxyJngsL
,Customer,bt2yE5gVxLZ,Hillery,De Morena,AQKocmPjL2A
,Customer,qVITFiPrIpyMjdGtS,Joey,Klimkin,UQ4RFYsR02IPWa0Wh
,Customer,7luK8RCR2mpCLM5uh,Jayson,Brunone,sMcjqgJA39G8stP7A
,Customer,ex3AZN67UClaV7jyCWBr7SWWb,Rosanne,Percifull,qKNRiVevHHfk3EiFTtFrgwxz6
,Customer,jw9WBbnWKPcbzmpucuNF,Matt,Spawell,ycvuAOTrsBHgAHOQ9PE6
,Customer,q61i7kbPerNosmI6O,Bliss,Foulsham,G7UFBYDSWqcHoDy7y
,Customer,384zwj3NoTKoVrV21Z,Almeta,Bointon,M62z62VbNIFTtsMuXZ
,Customer,XOutZkxIo,Lawton,Dominelli,dyS7qTxdX
,Customer,KXVzafG8QhsXy2w5mS7G0,Kristy,Hansman,OaX6jbHpuAny8HtsZXNq8
,Customer,n4DwEpIRAeRQLiVWzdv,Clim,Bitterton,erhUpymkkBQ0suChLL5
,Customer,k8UwQ25xnDyzv1MeX7i,Freddie,Presser,74TehTSnUqO9XarAw2F
,Customer,0UYb7AqnFNfLvw0s01kxyb9T,Lawton,Burges,pPYoaqm0e5OxhiFLJnvrPXaJ
,Customer,AFAVszb5zx8XOJi13Zo,Nadean,Shirland,pQGyf1DFtbmw3z9cvrz
,Customer,Zlh36rXrKAiZAASkREebZk0Y,Nadean,Beglin,toZY01b4I1NYjp4BbBrs1VRD
,Customer,WbPu9DqeFURcQkzmams,Yankee,Pendleberry,VxfSM4dLA9iM2jbUa5r
,Customer,lJdgy2Bi63eKpGz0A1vUFhcoTwSWnS,Vale,Missen,1tlWZc27jU84HZD4XAzzBpGGAGM4ZP
,Customer,WZtuQUYK5j4tBImwdGF,Rustin,Presser,xiVMjVaxBV3QKY3XzwF
,Customer,2QqbAygio0,Christoper,Castelletti,JpGpv0rbQT
,Customer,hefI7CHBc3N,Moishe,Duckering,PxEyRbqeEhz
,Customer,pPanBWrEhyEkziBPYmppMsu2j,Kurtis,Varian,W13n2MZ2DmL13VPOXLWxIq5hX
,Customer,ZhnnjqulJ4h,Anson,Scraggs,dp4yihiIhOT
,Customer,Ee626Apx,Vale,Davisson,3HQz3Y3N
,Customer,vhee1vTK2WALXcIgQVP2mqMvlOJOh,Corty,Brimble,C3Odk8EURqklYpkpLF4QI3XmPHM8G
,Customer,mP5nPiuI4gwxLwgl5V5wf5psvkB,Shalne,Sayes,6cXKo9zsLHO0Q6H7sjMyzBuftIs
,Customer,E0oYlvfka5hKDok9unPhxwbb,Richart,Isenor,hdCrx2FvoNbAEyHyy7hiPxtq
,Customer,UFTgJJEHLPDp7,Malena,Gun,PjIYkS9UYNIW6
,Customer,8r6GL83X50e9QTKDTwQfkIeaUCPu1,Bone,Gyorgy,PKbelOvTRfwrEnlRMBVErLbyqt3iS
,Customer,Yq9gk6B6qNeHpXdpkFhFVN,Stephannie,Munford,XWJ6p3Yts59U4zMNVyfrpy
,Customer,6Ej0ZWXISg3UKr5gr,Rosanne,Duckering,NpRqgyNKHyNonSzsP
,Customer,8u1O3OIMYSgCsREErvtK8,Rafa,Duding,MmAlA6tXfkCzLfnG2Tsxp
,Customer,SyOlfRvxdNB19iCotU53dixyDeS04f,Agnese,Hector,liS7r3aTfLoqUDEaI3LBWG0XmycIJH
,Customer,CelKIGVdIgu3nM4kMi,Jayson,Klimkin,lr221Hnmge585OkRAB
,Customer,cohz3YWru9SWbnYuI,Ramona,Younge,bpJg9gwQDVAN6od0F
,Customer,1n9FPeMS9lMLVH,Sabine,Stearley,0LMa84uMnNjpuG
,Customer,9Rzealn967QLGAOncQk9JMHOe,Marcy,Paoloni,YI3h7qLWS2BmVqcWbl7fA2i5f
,Customer,V3JcNDa5aXHv2BOPqjEMkxF4wizFmIl,Jeniece,Azemar,XoMDKaoRCQXqDKjvb7sUr8bF5mKo1L6
,Customer,TFQqqLfZuOXs2mAQTrZM,Ollie,Gyorgy,P6qqr0igeIehvA85bKuX
,Customer,dTr9hAnJJJ0W7cUAgmciCR7sCt8vW,Cornie,Hansman,XJuNZrju4UTfyWOOFX9aMvrUz271d
,Customer,w1TMdZzKceiG1aZFK4dcA69lDkhSD,Ceil,Hector,O1Py6KTZS5ZLrL1fNyUgJPfcFlNiY
,Customer,bSpWqdR9bmCW5jYRnXp,Shaylynn,Boatman,hendpIzMDs0hdsOP7Jd
,Customer,qA5y2691VwXshC,Bliss,McGuinley,nVb5EDTIiiOOZ2
,Customer,hehPNvIcpe90mjcWRmeUIr2MxcH,Rafa,Percifull,vZWu5dJ6wlpMaB1GQwUGg2Zfs8Q
,Customer,EPS9W5Bxmn,Sal,Mettetal,PEGW5b1CNT
,Customer,HxeOQ2rZoA0IAc,Salomo,Geely,stwZH93g4GTadF
,Customer,ocumVOpO7b,Dita,Goghin,A4sUz9ozuf
,Customer,wAXWzV9qtCDsEYq3V1FVYSlXR,Sal,Washtell,u6rzDSCrlYshFDqnavvghDzyD
,Customer,1zujb9QIIIlmWTdYGzR,Cecily,Jeaffreson,u8WnCQBfgOW3YCgSKKx
,Customer,smyG8JJi5bFFD5,Matt,Shirland,xkofo0GzdjYlrK
,Customer,Xh5fkHJTKcaknT4ftrN,Neron,Haslewood,8Wx5Uyh1J3Z9Axb4ib9
,Customer,3UMoPpxIJmv,Trever,Mueller,PBik4cUr644
,Customer,tyozDkFEm9Py3wpIOepbFUtXYBGq2,Hillery,Killner,dyBfS08EIJo8F4zqQpQAvpdTDOyBC
,Customer,VbFn3NrpL6vNhtG4n9,Nonnah,Tonry,r8NlWqs7MKtnGteIu0
,Customer,pFShex6azN6H,Lawton,Geely,ctZIme6cGdeC
,Customer,jjMHROVr0P3npkEnQXw2lhpq,Rustin,Foulsham,77HDQdmx79ZTLrPrH6vi4odp
,Customer,RGHhkGLdckIIHQT,Stephannie,Azemar,lrIykWHlVsmG2hg
,Customer,z7FaL20E,Lou,Mueller,Dkma1dQG
,Customer,IgbPVPPODLTvOYDFXLeDbNa3h07YWt,Gerda,Hartus,OfxpeOpmQSvCKOVg72JFJZRuYUMmgx
,Customer,LD47IJgT5NNLAO,Agnese,Spalls,ukC6fx1WzkjNKn
,Customer,2idqpv5Fd5a,Richart,Missen,5sU0q4jws14
,Customer,IK8GzGMWtQH9E7oGyjIi,Clemmy,Bointon,DVXtpzaRhB2euyy1toqG
,Customer,WngXS8dAMAqZpu2rLUPj,Rustin,Paoloni,97aEHd6wU3IBFw7KgGmF
,Customer,jNiYAepCVe,Oberon,Varian,ESkqWEson1
,Customer,tyFQtXYq4,Joey,Reffe,uQUAgYSuv
,Customer,SF5VfcpKWBU4ecy1gfW,Melita,Flegg,hz0dLQz3vXBFg3NS6I2
,Customer,Q59dJ2hOx4VLm4I5S3GT,Osborne,Jeaffreson,TIXJEWCJBYIgYO14s6bP
,Customer,GHDUTrPvEFcwxqaIUpv7qefR,Marnie,Holligan,iKDoN4hJfwUBlIarNfYzrNvy
,Customer,OCIiZXsaTSs5nbPpsCGYGu2cfX,Nonnah,Jeannenet,FqAXGIb7JqmfO2JAltE7T0KgHz
,Customer,Z9KAPJed3VnT30N0eaERSR3LhV2p,Myca,Dael,lTCKA0AgN7USo0W2atXQZCvT4kDD
,Customer,hjOJOr1JffNEf,Allister,Bakhrushin,uMnvshS0dKKbm
,Customer,V3EnUXl7lJpAIl,Shaylynn,Hartus,1MwyxopJss6y9g
,Customer,fj6q3ttWXJbq,Kelcey,Rabbage,0WBvT1MQjbiu
,Customer,YExtCHYkuh2iI,Reinwald,Foulsham,uhldtSzvOefO1
,Customer,Disk1QcPtVFaGbdrRv01xzRmjPP,Margaretta,Goolding,baE1CmGmZzhkbIyZRzeCIu8Rodo
,Customer,5kCtVAMIJhv9G1z5mdzSL2CpzXiAxR,Freddie,Emerton,BCiV1AWXscANrxhST2S7ljQJDgP5Gf
,Customer,wxg0tNKRlSpjV1dReLFSE7WT,Clim,Spalls,6cDLrq1IbWrO2ln1LlABIXaq
,Customer,tEcLx4XbPp7dnOF8XF,Reinwald,Isenor,LWjgEvXho94ZD7OPeX
,Customer,V3CN4AimJ0tk2YaFUk2SA,Natividad,Duckering,runHJDbuexCxdQZPvzk93
,Customer,5KiHinDEmw7iNkKrcfzSe,Rustin,Enderby,5lv5Lghnn3ajejcF7z1CL
,Customer,bFkD2w7syQg3,Nonnah,Mardoll,9uuJNhajHYdA
,Customer,7VzGfyvJzzpNKDOaEfs,Myca,McGuinley,HKom570KhBfuAKzVkNz
,Customer,HvPQb4Da8B9,Osborne,Munford,GS2Ngx8K4ni
,Customer,oPdEY58L,Shalne,Spawell,tM2XC3I5
,Customer,yYB96taDC8aUFtEcDRa9nQWc,Grata,Shirland,2TvjwQxT2p0XDotvSmrVb8hR
,Customer,CMLf4Q5C587VzlrqY,Trish,Pirrie,mLcMxEi7NR46TYjde
,Customer,HFLwwC0QOphkQ,Nanny,Burges,8Y3ESl6CRBrgl
,Customer,wnsQg4Eh3t,Shaylynn,Flegg,9RttBcxyKE
,Customer,OTIqDcvGhGadrcGVGxUn2xIIP0BK,Marnie,Goolding,INayDk7syQgmFMOXz4aYl1bVmWJg
,Customer,0lkAUCT0g4oGXROPsxkGdX939g4PDBx,Deborah,Mynard,gDBv67MJKvpO502bTztKco72wNDzphM
,Customer,NVNHcrGkRlteYsIPAy13IvNJXS,Lou,Jakel,bswEUvx42kIG8oymE6LQBOmCiq
,Customer,6P1ywxhtYFEGiz0nkS,Kayne,Sayes,2yCIG5wN968SgRclmC
,Customer,51xFwV5hsTWrwOeUVlQX,Denny,Sayes,5gKmgrMxJL2pZ3M2pUMs
,Customer,YVehrUNRAnNg,Osborne,Panichelli,m5Ci3gtcbWyh
,Customer,4NMkX7qQLp4wcfLEIOnPqt,Kelcey,Beceril,RLsxjO5V6NKXADj6ygokTw
,Customer,BDvyK1w4gQwg,Stephannie,Sayes,XqGAQMelIHlh
,Customer,qztxbSCayCX6qyEQO,Johnny,Matveichev,2SMtQeYpOgTbBrmnI
,Customer,p2otfEBjEpq,Nadean,Hansman,5krlZITL2Nu
,Customer,jp9yi4ClrNQ,Shay,Elix,uVs3PGSC2vS
,Customer,YqCNvdVL3X,Salome,McGuinley,vaWAtUbxF4
,Customer,TxK1bY41SUtpWmVlqCs3k,Corty,McGuinley,k8EziwSRv6Q0XDGebHrdH
,Customer,dMEx29Pq3PJ,Jodi,Klimkin,sOiqStsGjop
,Customer,iLaXWtpRQN1CroxEU9jNXl8,Sabine,Tonry,KM6Id6VIhcFi9dXJNbQuP0v
,Customer,Lgdls6La4YrsWVIv1KYIgXpuRrcK1EB,Hillery,Aldham,azjTtbCbbRkbWvkn7Wwg7kbPizxvXpB
,Customer,rK85cgj6U86EYzzhWoJ4,Nonnah,Corr,LkJEPfkgwjtiCRzndROH
,Customer,8GW2aZ5MdE9TDPpxSlJl6VE0xH,Moishe,Boocock,Liz4udB4hTVl56JVgd1dqyCEMU
,Customer,OMCoW2BLoohBMu4X85LYVbmHMDMM9Hb,Felizio,Rickman,grq77nbgUYoJ2u980ZWClk4BCvXkg4E
,Customer,kg52b20050J5NxBCcDOgefv,Valentia,Flegg,b5I2mGfUZRs6f3bM5utOXcd
,Customer,usFyYpZO0oHyGPyJljGRiXuelDBl2TW,Manny,Salters,bgQUnK6FR3SiHZ44z9YuvLbw8SKhko7
,Customer,XVNdyIRQSYwd1OKA,Helga,Jeaffreson,JW24mtszGeW1HfUz
,Customer,q66r1T80oWeSkNKEZSWxVa,Gerda,Ardling,41pfalZ5uqLtiOUGH7zUom
,Customer,3aBeAxKXsGiTceZ3IxIOd,Joey,Emmatt,0BoCspUsHr122GEl7ZwUq
,Customer,iIaBeW03Skvp8x6n1,Trish,Pendleberry,DffhAuJwVXWCGLy7q
,Customer,vB9jp9zAsUmSlTGiUaQYb,Trish,Munnis,RNKSwMsQcdxYs5SENsgWU
,Customer,WVYrXcnMND6ouaU,Rosamund,Emmatt,btxt4S2ICeFOJOC
,Customer,MY1RMK5MtUG,Christoper,Pirrie,WgYPr5qzMpT
,Customer,Q7Xka1o5WTVvyflTR4eYz89,Christoph,McKinn,VLdLqFZdXhngKx3olMVNZTZ
,Customer,2luxWRQn7RXtOWloQd1XT3n4ph,Ernst,Giorgiutti,g0KwAw9DfIBgiZaWhSZpKRM78b
,Customer,8NgiNkGA0CkdvcEcZL,Jodi,Reffe,kfXlnz5NS397jsaOrZ
,Customer,781NghQef7,Shaylynn,Salters,yrSJjCkYA8
,Customer,MCtQg9feclP0f,Christoper,McCallion,NCAr9rCv4X3Ox
,Customer,oIRP8qMu5B,Tommy,Jeannenet,S8rJ1SUh90
,Customer,NQfrg7md3mCk4iwxqAA,Lawton,Hartus,QlZaHkNTNksLPKMpmFC
,Customer,9llVHnQRegtoMNzkEF3dTZBtHWpv,Neron,Matveichev,zB16KeY7O8JiDeDhT95pDyPTEgTW
,Customer,XJUcVrbUu2l9rE63EDgkEAG,Moishe,Castelletti,TC7XL5OgOgEKSA93BboizJR
,Customer,EJF1MeOM79qggthiGRtWSE2N57OLFIF,Johnny,Mardoll,E1E3cylwgbztKnrI99Nv0AVTDfRnSLD
,Customer,y7RANMbqlSecBy9P3n13TnqIQxa8PGP,Stephannie,Gundry,2qUkx6cq3y3rLRj2BqaBWtr8FQ61auM
,Customer,X0gbn6Srrw6iCj,Nathalie,Avrahm,TF12xezIX78ry3
,Customer,qBN8cY1n2pm,Tracie,Gun,5XhqRyEJ6cQ
,Customer,Kpb7paYSf1AwI4JRDTxPJy7RY2SvUA,Barn,Mardoll,JniIIH4Za8x1EQ8yq4NunSB8YQM9kD
,Customer,85WcmkNRw,Johnny,Landre,4krz7aVBn
,Customer,FyjQY5q3ipGIvp4s4QeJ,Valentia,Bitterton,40Oe5g9Hv9LtniydCH3X
,Customer,c6UwxBOT2FBGGzH3xCcgKU53AWdmZu,Tammie,Shirland,fsqfXdJGC58vIGOR3E41juyxWBhxEx
,Customer,VcWZCTOGiG,Tammie,Spawell,D8Iz6ioANx
,Customer,Wv0T6lZVficmfuf37KuC36FYd9H3a6Y,Kayne,Bointon,FNKQFk5feytE6Jpnmpa6eUkGN6mYqCC
,Customer,D6XnlKeylQ,Ceil,Beglin,eFwsxDDWjP
,Customer,BUZkQF7GSdPMcDIADNVsk4A,Tommy,Corr,5X48BiJTJBblRGsgcH3nSMP
,Customer,VvlMm4nfRhLtUM0Cbt0zvw,Lucky,Hector,h3Evt4I6sUBFW9UgZur3MK
,Customer,Rhy7BaVZe,Sabine,Varian,8M06kaqWO
,Customer,e14VJPQoI6a0xvuCPwP2DWfPyF8,Oberon,Panichelli,BLBsFNW2KE8B1iYFMO4JFjAwzjN
,Customer,jYKPG1ymSiJmoUlPaYjE0Ppft,Melesa,Boatman,k60GdDEcurGXUSHYScTg0s180
,Customer,RnY6YuSLZ4jPpH5LJXS60yPI,Manny,Munnis,KfMIvRgP7Epb31wnjJYtZ6Wc
,Customer,7wafjYKMFQ26So8qD77sOGFZMZVQv1,Sal,Bointon,EDbVddeNqFbCGglpEF5Ig9QKGU6MYQ
,Customer,PXHBBqvJHqt1aPn6wkW,Tommy,Mayler,K1Ppvy3Ow4o1OC2ZYHF
,Customer,LkroiUM9wQaUcHCJlBCOMv,Marnie,Gun,2Jh7ViXGsYJgkPHtFNGaL9
,Customer,tkdC1kQwH51IpRr8,Nonie,Gun,Zv5itUuLzAqRliOM
,Customer,KordcbUergzE7RnTSiy,Vale,Gyorgy,2m6uyPyEQ0nQMBJKL0F
,Customer,qyJEG0EvVicjWxCX2A1vB9RW39iEHE,Sal,Munford,RZJEWu6Gv00z9kxY5owgFkzibcWx9P
,Customer,FulaP38Opt51nSitCH,Cecily,Presser,baqjR1rPioqex0d3lD
,Customer,WcaNxHVmbwmaIVFP,Almeta,Mynard,Nu2vC4wXob20E4uR
,Customer,aG0ZB60Y7b1puT5GQADS2ezYHezdZ,Ernst,Aldham,Cg9YMixxn7M31uSJugx9enZ2WmY3H
,Customer,T8ZSjU1qsDqN,Gearard,Percifull,celeMYJiZ5Hm
,Customer,EfKyJHKy1IeQTA,Valentia,Davisson,XsA1FHMg2uvzAO
,Customer,qePPzDORab87,Dita,Davisson,wag4MM2gXuF0
,Customer,CZs70tsAtkYS,Myca,Salters,FdqdQHb2v254
,Customer,WinjuxMQY715f,Janetta,Panichelli,hpbMxCNKjdnGk
,Customer,qgzjRrgvyfopLM,Donelle,Brunone,16qlusMArsUaBi
,Customer,m9FaBQkBlpboc6cVp8ldy,Donelle,Avrahm,O5rn5aPdDx4MG9Rl86kOz
,Customer,AnEbLLTYWG22LSvpuQynPjZT6a,Deborah,Dewfall,CBOEU836JX0qreQnNnfvgDbEFX
,Customer,Ag3WdbOfmzlWBT,Gearard,Azemar,pwdtoOr7txBLEn
,Customer,hEnDr5XHHbKlRNW,Barn,Rickman,wWo4My47meqptv2
,Customer,t7OWFQHIJ9tBG8XeNhHxZfLdtFEleIM,Jordan,Roubottom,1QG5nwCI90YWnyCc31Nw8v4UBkZjPY8
,Customer,rQ2gePW5svKDXWD,Joey,Elix,OBjM4HN8yNBVkUZ
,Customer,2Rv7y5xvqA8,Valentia,Hansman,NvZjYpyWeau
,Customer,DGpfVoylRx0,Boniface,Castelletti,f0Br4ONKY6V
,Customer,SgIf1UbKzMZgm3hz4uNYNTfSTma,Kayne,Brimble,AAEG0iKgqLzZqUGFFBGorWdnE71
,Customer,oB1q9t3gBrogZHXQnhlggAUHOGGPid,Margaretta,Spawell,aXYO995MlMAve2Jxo6Fo76kldrJx7Q
,Customer,SMohio8XQ,Sal,Brunone,7e7nSVVU5
,Customer,RWIw3HS4,Rafa,Salters,fpsNUY3O
,Customer,iSvP93l7i2R4vckV6G7bg,Cornie,Brimble,gu1XaCjOgNDAAq63g8znM
,Customer,de4uHM4uy2BYWp,Terra,Klimkin,dl9G1ks6cfIpid
,Customer,x80ARXxC5IAwycQYzwTkJuzS,Sal,McCallion,YsimvAs8sqLg6jyUWZstBLBm
,Customer,S8uCjttqTQiIMrlM,Cecily,Bointon,n4wZ4PjCBqoIld6k
,Customer,69k6WQn32,Rosanne,Stearley,kQ2oxUdAx
,Customer,D8I2PlEyhXlHJ2mlcZLd,Richart,Beceril,Yitv2ismggPG4xK6XgR7
,Customer,tA42Oka0ZvFcyJHjMOwaYN7YE,Christoper,Salters,GJRHK2h81EzOlJk6x6mRNxTxI
,Customer,l56pdTpLbQONY3XPJMUS,Richart,Spalls,O5QZHXgnQ9SYRA5OymUI
,Customer,AFvuHMyZhCLi,Freddie,Rickman,ZyNT21NEf3Zn
,Customer,muUuTSjIfR,Margaretta,Giorgiutti,lDtwo0teO6
,Customer,vDu07xWCUUSCNtk7WaaKefP,Dex,Moxsom,ZEaXu3BXdeMCsy2QXwj0mDZ
,Customer,PgUUgvfAJKdR1uNzgqJ3cIh,Boniface,Byer,4JgzQ7jysp02sUELyS8IZeq
,Customer,ivHrZS23F,Ramona,Sayes,4OrMBl4lz
,Customer,BF0UFHfX1wWhJFNxxcqrBBaMqTbEwjB,Johnny,Boocock,66W2XRi3g869m67fHsvwKMnNHeCOIBh
,Customer,EQrnux6eB5PmXSTZTLSNm2S,Dita,Ardling,V6JW2Jkth4zYdKUJ1zPukDJ
,Customer,XEpxyTGFrbgBmtoBmQT7QjJ,Rafa,Iacoviello,EmEhMyaOFepgJqBi9xiLfTZ
,Customer,Oxs7tHhGucuRCDPt,Allister,Geely,C0HkZklcmOxFcFpE
,Customer,YB1thw2fXA265q,Clim,Duding,d2RBLIVXsmqbLD
,Customer,QURpDZ0GGkGBUM0YAtYC4FSRmD5rLs,Oberon,Bitterton,YG87pkDlWwiBsExMi0thes5dfry8J1
,Customer,SPWJ2zP6SXTB7x0f,Gearard,Gundry,olo9K5USUYmUeBJS
,Customer,wgSUWgk5SV3yXSp,Kat,Percifull,t7IRs08N1PRSWq7
,Customer,2rsjF0nDIN,Jacenta,Panichelli,ThqSgEnh1b
,Customer,KaosdCGyirJpn,Moishe,Holligan,OCCKftGXIHQAA
,Customer,rcgLlL1U9,Tommy,Flegg,c0diACc6s
,Customer,n3nWnxIM8y7P9CVKvJ0,Freddie,Brimble,SMwAiwWykWbHmvzop50
,Customer,ihT3YF7HIi7VT3,Marquita,Washtell,EKAUaRZeTlctTo
,Customer,mjPhT7ImLOXWaaBWBiYEs,Sabine,Geely,pTWXOXxlMGheOZ1nnU2N4
,Customer,4oFNky9NAmbKsE6tZ4GxDq,Lucky,Goolding,OQNG6iSq7BbFhkquz7i59a
,Customer,g1Jx3LeXQQXpLJ5i,Clim,Spawell,8L6u09qHAgB0e2gY
,Customer,Zxg3LfpJDSeK,Jodi,Iacoviello,E8yt2sJRHpK4
,Customer,UqKIYVAR,Ollie,McGuinley,hTiPkceB
,Customer,fARsrJJl,Felizio,Laxon,qFoxFCmF
,Customer,DJDA1koR1eUYSx8gGSWcAQ,Melita,Frickey,6CV2iXbLlJM4z9w6b9itcS
,Customer,9jK290sQkyRGyGEBE,Stephannie,Haslewood,1k4JieKncdrqAJLX5
,Customer,LyPeb0Tesrcrf5tp,Hillery,Stearley,Racqa1Fyr0lyr0yL
,Customer,WCsBul46erMqz29vyj6SyddPJCrDXlu,Lou,Panichelli,SLwwT70mkpcL6KWO7WpH6UU8GBzVzre
,Customer,ZgtKHVKYfJDlkKvKYqf7fZM,Jacenta,Mayler,iopfIVs5iUW1kBDVuDWipIq
,Customer,ZqTZPz4B6EMowFH3OuktutJ2BvlTpE,Freddie,Beglin,6qdyOOmcM1ikNT8gW5my87HsMPfDoa
,Customer,CyWH8xQObs6qeblVyAGx04ezPK,Kelcey,Mynard,laeW7AsYSqtQfvlqLt5KhXsc9s
,Customer,UgoPD97xVs4Gv37ggb05fi7WnmUlW,Trish,Varian,3X3Jop579LG5vYh3DaJacnbZ9lafH
,Customer,gA69kH5Ex1k9WAcLfLo,Allister,Giorgiutti,SETCkT904MJG639YO37
,Customer,IUIiHEwX2,Carena,Spalls,7uXjFaUcZ
,Customer,n308BXcNbsnNUx2Osl3,Reinwald,Gyorgy,sJImPot6pkb2e8eXzZE
,Customer,UXEgluSXzXHW8a0APUQMwv,Arch,Jakel,Rez6V1rFJvofCb9yXu7FZ3
,Customer,4YMdil15Z8,Stephannie,Iacoviello,xidnLv3Bft
,Customer,kUZINd20g,Ernst,Laxon,C5wJnQYMi
,Customer,DS8iKsTGwWEd2jXCQ2GVuIft0,Sasha,Klimkin,SS55FZpCfCCgUkrcsDjgwEsu5
,Customer,ACmyxuKZbKsk,Kristy,Emerton,m49MRTbiTc73
,Customer,PJhjKHjzHhkBs,Johnny,Shedden,FbZazbqSdeFPG
,Customer,wpBH6Kp0j8SvWRdMC0m,Christoper,Salters,kVxZApvEK3CQG5THmQ0
,Customer,iZSaColCjvkA,Myca,Elix,GW8Xg0a826mh
,Customer,6OMblwGItGDXtOWSJ3s,Shay,Jeannenet,1WrNOvdRgNtcGk9F8J4
,Customer,yqHRINWkdM40RlbmOhqQfX1lJ,Marnie,Mardoll,nsGO8qUm8bsCJAp4XBKfV05ql
,Customer,BtwhFX2P46QkhgSUHV3KBcqk1,Salomo,Jeaffreson,uxfqaqd8zJ3OAmgckc2UPbO7j
,Customer,3z9FGG8btGlu3yCzc,Neron,Roubottom,NLx9Swd7vTngB8l6d
,Customer,r8ZWWd87EYzYRj4IYnN,Jeniece,Missen,WqN2mDKhxyQ7uwXyxm8
,Customer,W5Z3q8DlPeUtldMnavJFBEs3BL,Cecily,Mardoll,fPBrWzhQtiAd0OiGyEynn0CIZN
,Customer,Ptpo2lqgrk6f3jB,Salomo,Laxon,ZWznl42vXfB30EW
,Customer,puGJOJsxtB8NzQa2NU56blWr,Almeta,Flegg,3LxeAFPckzRSxmJ37zOBUvea
,Customer,8XVaAAk3jIVcB,Tommy,Klimkin,qMABeo0EHtR85
,Customer,lIFyxzPhjqnCO844dTpsrZsN,Vale,Ardling,AZK8yCOx8FG78d8sJEA0E54w
,Customer,mfmr7ZEXZUtEkycy1qJuuD7n,Anson,Salters,qLZKlugu3C4agB2HxXxTk43l
,Customer,mlVSR3wuaV16Q003dKuFTvIF,Rosanne,Hansman,oMMYieZnZZBI0fEtIVfaT5Xp
,Customer,U4Hby0fcBY80Xn2AI,Denny,Flegg,IFxaL8KkFDTn3RyoO
,Customer,YBAj0HsLZVOrBSYwvs80Vf1,Marnie,Duding,udWLTGuL7VS70aAsBMh8XhF
,Customer,4ejJljzAfwoOBf2ahGN1ds1wBssZ9,Nonnah,Moxsom,yXrwC6dL7sfcrPxXxoxayPEOMFbbj
,Customer,pUVY284kLJ0zCGMHy,Shaylynn,Klimkin,q2f8knAUedC6x2VfY
,Customer,KtfLQQ02dnGx88z0UOtjIo,Moishe,Mayler,EKfaELb0QSsl2B0tmQizse
,Customer,xGfygZHElMqROvkaXBBVscIfiIS,Sabine,Pendleberry,i6j8HF7YRcMg99mNXxbY9l6IN2i
,Customer,zfefaMvxFT,Jeniece,Foulsham,zkJumoEJpZ
,Customer,w2FndRL3x,Neron,Stearley,GwqaocdKy
,Customer,SqMp6Xx5IcNs7STvKtnoRt5,Kristy,Klimkin,8kL3EowDSb07Hy4VTZJEY0z
,Customer,rjfgAKS5zPf9wZ1P7fS9c0X,Margaretta,Missen,qml5G74hSxQsM3ESuc70Pr1
,Customer,j2csuuOy,Tommy,Killner,UWgKboPX
,Customer,jSmrn1OgTYBXQ3352Tc00Zcbc9,Nathalie,De Morena,IH11OWPEmgCqYQ3ZKAd9xGhAWR
,Customer,QwIon9cP,Stephannie,Pendleberry,U8czGUnm
,Customer,YLYVoCcsipw8kR7eoSVoTQuOdzlDP,Gearard,Mettetal,1HmDqOgeTCSh30wZxShl6RDsACG7i
,Customer,1v9Ac0XspRoPIizN36F,Joey,Brunone,zOly5nbFZHTdpbpkTo4
,Customer,v0kYK0uK,Arch,Mardoll,fldR1xdO
,Customer,2I5YS5xrxtinJiZ08HycC9f,Nathalie,Jakel,CBKNIjh3eIQ2dCzwZVt2Is8
,Customer,2r57ZpS6cjRdKs2qCt1Paw,Christoper,Davisson,3OuJAxKOeMTkWPbvXBKkxy
,Customer,9FC48ZvfMlBQJJaebee,Denny,Giorgiutti,vCc9h1Y3eiiB6txn8PK
,Customer,z2Cz8nkso,Clim,Hansman,qR60ynkda
,Customer,EKZF1cdi8AyEOmYSLk4UKiGz,Gerda,Landre,tL0h0F6c8vRlbTylczIXCOmN
,Customer,Fy2OU1eS4j,Bone,Davisson,CfYMjSItYK
,Customer,vnhJGNRYyWvsKwKJrW2JD7Cc5WbU,Dex,Mardoll,qHh3Q72UEKtRzaMQXsauK63rwvcJ
,Customer,zqNMETRg0,Gearard,MacDearmid,r7ZI7JqS5
,Customer,sQkd05Yp7y6mC3rj,Ollie,Shirland,VQW5Qq1JM4iXYCrk
,Customer,QmMWF0h8Si0EO7xuNk4ll,Rolf,Castelletti,KvxwQm9XVSvD1fGI9i8cV
,Customer,lzXW2sMDpMMReKDTDxm2AyKzJzStdpE,Nanny,Tonkin,nOaV4ElBV9Bi2mzNMjbYhgsdIIvFyeU
,Customer,iqdDQNneHEUnPvl1bS,Bliss,Byer,bzpnuN98I4l8LQiC6j
,Customer,8YEnvlL3l,Nanny,Jakel,eLY3vCi8W
,Customer,MeYISjZrk9ogrhIHZQEMWP9ecLB,Rosanne,Durtnell,Zim4tcCNm40zRcZLzLylBfKyRnz
,Customer,gRq5IN89Z,Lou,Savine,o1eH8DX3V
,Customer,FmIRdrDK88sGwH4As,Anson,Matveichev,F6Wnd76t28S6iy73Z
,Customer,dTdhfSmhPMqjgbPboKxLe3Uua5w4Ok8,Kelcey,Spalls,woNMCeT8a6G99UBr0uPZbIho4zD7tqJ
,Customer,xSkkuQuZMAaypqL7yS,Salomo,Beales,r1FeysngqXfIhGsE1i
,Customer,7rWebD6YEaJ0jmCdC3qS41sO0E7oo,Clim,Washtell,zpHDIrcpHjNNaPakQIJ7mRYc56CxW
,Customer,MkMwaBTdOLkHl7q,Lucky,Corr,JHS0OqjFzGsnb4I
,Customer,Bou9XnYo9XbMoeD3BLPu2G5O,Denny,Moxsom,Xt6OBXpUP39e6uU8ZRiHbXtQ
,Customer,hzWKGAA8HL46Tdnu7AlBYxN,Rosamund,Haslewood,pQ5OU0v8UaYPXC4696cPYux
,Customer,d0a2WemJJHxFvnfx1cpwHBdq,Clim,Missen,UJyhktI4yyHofNyLk4qa3Tec
,Customer,YKqsyYiR,Terra,Hector,67idZtP1
,Customer,qBPLOIVpnaoxSzfL4wGd0c6Z1tmu1R2,Corty,Sayes,oa8sCTkBUpbxATSqt5newkSoqzGDIki
,Customer,SEeFJcnuMrMrilpYbmNjamjeiA0RK,Nathalie,Scraggs,skjS7PyJz24dkLH64ItafFSuj52ig
,Customer,MZFUpGqKrC6pmjUIJTZNU4t,Clemmy,Spawell,ES9s8KFf6pwy0nY5QYVZnVK
,Customer,bSANVV72lii5y55fA85,Rolf,Van Dijk,hEsKJ8BhZT6BxOKMFUz
,Customer,AOEDmFmHVtHox6Smh00m11hKm5IdOsH,Natividad,Tillyer,3CNqz6kHvRw9YabTpvyJiEWafIQSowS
,Customer,Azua5CCEjtHz3eJi52TwSOf,Osborne,Corr,fSTAK9tBKUBvhDjG3nWuSqE
,Customer,xk0tdLdjpfqcK1bpfxruldYpp,Richart,Brunone,W40jZe91hNCbzhAdBOBjDprHO
,Customer,TYNIlVttIsJJSMHD,Melesa,Holligan,VRUIoiFtYM9MVMx9
,Customer,FN10IKH8hwvka,Kristy,McKinn,u7UXFCA33tQrA
,Customer,gclMt7Zr,Jacenta,De Morena,uBz23y41
,Customer,Bjyc5szZw3hsXg,Tammie,Stearley,uA3X4OPkW6rXjX
,Customer,c1JChJ2GDHuS2YF,Trever,Spawell,dxGi2LzT6U05bnX
,Customer,TYFzvToAUgtZm,Jerry,Ardling,zLa8BR0dIZoGY
,Customer,IH58Ubo0w2A11nm,Shaylynn,Van Dijk,92mWI0SZLF8P0A8
,Customer,ifIBkWqhuHEdLi,Janetta,Gyorgy,CYeRFXHnzaFpdA
,Customer,WUskrc4nw9TND,Grata,Moxsom,UtiIpnViJPDGo
,Customer,R9m9g4GKZ1FBe9Bk0F,Nanny,Mayler,ftqcPeDWYgb4M94uTc
,Customer,udjDcwnVPebSgITvYOoHG3O2uovn,Janetta,Aldham,vyaPyG29KwtFkabgKmjJQ3AgCVO2
,Customer,OH1YSfpuYsXxHUzKAeDNYd0,Richart,Mardoll,x1nnvAdifMHM9mbGZvnzkPy
,Customer,Q9P3ga9vDVwTgxgOoqREhPRfGyzz,Nonnah,Gundry,hGwlVmyfwJS3ljEkni5K53IEhYEu
,Customer,1xU5gtmiSlMztEU4sKSjKr4Mczsm3,Anson,Washtell,BjUHP5zhvdgFEZRC0PaOzVlvadu7y
,Customer,rGSv4LOUmHULqZLz,Oberon,Mayler,v3sT9W1TmNenoSP8
,Customer,11z4ybvO4q7JB7nXJ8B,Jeniece,Savine,vbW0rUDnGInTXAFXIkY
,Customer,eMhhx5Sv8Ajf0oE24u4R3BmBnAT,Grata,Iacoviello,mh0WEVicAVzbXfNsy2wFvkaVS4X
,Customer,ZoPS6abSBZRA1sVqFY,Helga,Spalls,NzeCCFhzFjHdy9bdov
,Customer,3kLsiH0ROvc2,Matt,Shedden,01q5nlGMBiOw
,Customer,3lXDTEXRwQyNlXSR,Corty,Reffe,miSZmNsAOala1Yg5
,Customer,kK9eXsGvyUwx0,Ramona,Dominelli,kOeZFRiyOj1p7
,Customer,0fZzB443x,Ernst,Duckering,dk2coEWYr
,Customer,crboUelYF4bRsJsNLPcrS,Malena,Pirrie,ts2leTFSENXgUS8IRth19
,Customer,9l6aVwt9W4jaja9Yc5avxnQ8021,Richart,Jeannenet,fNCPGkCgEBq8aTGpZI6ZpYBzHMa
,Customer,VQL5ACNdiPdi7WAhjvQArmlfwcpH,Terra,Munnis,mJukzcP2FjtIFAZlRGEwKGctM3NU
,Customer,buYyskXCE5jM4zbhDh7xheF,Gerda,Binion,uKw66GebLKIRkAgib72vLAt
,Customer,2dRvQdGXOv4CELwvhtqr,Helga,Bitterton,mDjl0rH8KfoPOTPlrwdw
,Customer,cccU4vb065fk1,Freddie,Washtell,agNU25peyarB5
,Customer,yzMLZjPD5kQkdY4uKji,Valentia,Beglin,BM1CuZmJPE4UQ5Jl3nR
,Customer,Bh0DmW5PMDPwkE5X7i2lwj6UiruNtA,Kat,Munnis,D2VOTyTkrCUdICQeljIdpdIWXTIqnP
,Customer,FW1zap56s4Q0QXGSyD54xY,Natividad,Reffe,SEXa9K2WAtOtljgo7y8ZbJ
,Customer,kp8kIalOemo,Nonie,Mynard,j5z0u3UVYGP
,Customer,TEPqrm2poXg3ttP6yT,Lucky,Rabbage,TfOXCoEcjtBl9xBfR4
,Customer,V2wrL9lLPXOLv5LlJVLPgjEQ,Dex,Windibank,m94HuA7XlUP1SuLSophhr4EP
,Customer,b4cX2sNgl89nv6740,Trish,Regglar,Xl52d4jn28FGDLkFS
,Customer,1wARKneNxW0ngNh1Y,Lucky,Byer,WHGix7gF4dR9WDjP4
,Customer,DHzXy92kKljF9j6,Dita,Ardling,9XAAONErRG23hNN
,Customer,POt4pYDZidE1Kmlo4KxoOolhp,Shay,Tillyer,uBqDUfenorJKBKvRfNOcZ1Djd
,Customer,OhGJMiQ5ep0hZj1l0NHrpiho9,Rolf,Shedden,CRTHfsFpn3QixN71qv6b0SRPb
,Customer,W4QxlpeBYu2UM1V232WbQ0Bg,Almeta,Binion,ZlIJ57M9lD1aNw8pbx5weRgT
,Customer,gRgVKX3lfNx44RtcoJvx3lFNSaeOMu,Torrence,Bitterton,ydBnWe7xCnztsvspSgnX8uUt349uun
,Customer,itotrogI,Nadean,Gundry,Ai23iEPr
,Customer,ETSGrJOHRc79pRpvGnIvVoa,Matt,Mynard,amScIPvIk6e3z68KIdQtCNN
,Customer,5oVlfoi9e2MZDn9L,Tracie,Scraggs,deIf5Z2UidrHnZIb
,Customer,R5u203Ctg7sZ4IV,Marcile,Sayes,3UAwFbAFheT4RTG
,Customer,RdjhqLOfOQdjBebwwC8bXHBC1BXQN,Oberon,Goolding,5t8qDgvjT94oNnWFu73Su4RB53mpy
,Customer,6TvoC04WFIu,Grata,Binion,gpWapVrXKxU
,Customer,luaHXp0vTCYG5hzcw,Jacenta,Duckering,jiZeQyOgsXet0PFl1
,Customer,fFKfTnN9MffXC,Shay,Emmatt,o1HRI5GZdCtWP
,Customer,G7DUv95F3jcjCj0mY4H2EGBqSlAh,Gearard,Emerton,4RTSvGKtSbvXbO8fHYPmxh6zDyqD
,Customer,qT4ZOZu4Ar6Y9l6V1IVJo,Jacenta,Munford,eHogRtvggyxAVeqtzDZuO
,Customer,A4dEDk3Ku5DHSZ0oVROok1TzpgO6i,Manny,Holligan,76ZjLPLh1IEmwCwnQQmRA9znVJV8S
,Customer,H66T9xaPLHRV24Ss09gWCWS1K,Deborah,Holligan,WVpuBJtxpbN2RZyoNeX2WKgjp
,Customer,ou2rZ1UIo4DSutkvRGBSjKNm9tAA2,Jacenta,Roubottom,Bq2vHrdg6L5mk2XSvkDJ0FPMQWVwl
,Customer,v00JsJseKLCYBs8mH7G,Denny,Younge,Y8ZmejPqsiZm9DOk1bC
,Customer,ePNB4ZAYygb,Marnie,Azemar,Rw7fXio0UfN
,Customer,gmznczwpVbF66CCNTaERoBEp6F5E,Salome,Roubottom,oXMUdbAlOnj7vvavF18Rh5r4KsLW
,Customer,7LSzlnfMA,Neron,Shedden,bp9GqQWtX
,Customer,diB0fmRrbxZRanbSeFshh,Tammie,Giorgiutti,aCYjgbstXcIZyddYNPcmz
,Customer,iic5Gio7ELa,Shay,Haslewood,xeR1dFKwo3x
,Customer,QMKc3fDvFeiqVh80m2I1vK2vwL84Zs4,Marnie,Beales,jucHLxCitnFcoz2EkdyNVtBQmeVuUGF
,Customer,CVlCpI6bWFCVxzuOWrgof0JlsS,Denny,Panichelli,ZLxmJMSs8RGYvKZ9ewzG14xvmD
,Customer,rO5M5eTaP,Rafa,Salters,IbkcxOD5I
,Customer,gSQLQhO7TvO,Shaylynn,Spalls,7DH56ZrhuNX
,Customer,oSOkxBCONEnkSHU4WcKonBEunn,Gearard,Holligan,zjBUUcDNrYXtsZgO4MRAoZ7OrD
,Customer,7Yhi1YYjw9xn,Lawton,Dewfall,G0wNcG4FYU8b
,Customer,tdT7Ijr4wG3OcNS,Ernst,Windibank,bxGcNYFOgPO1QeO
,Customer,uKSQ13eFMWDO5EygDxsRe,Vale,Beglin,j379mfggYySv6c4THYbN0
,Customer,PFk4htoK2rIyc,Marcile,Washtell,WOcfJeo6BoO7W
,Customer,S8rLk7AoZl4,Ernst,Gyorgy,CjigLmTHlgW
,Customer,9FpVM7AoExoQnZU7Qbr0rQf2xMLM5T,Lawton,Washtell,IdMNcuhJI7d6h1vWgQSjEU6acrtdu4
,Customer,bvrsYIAni8sBlymZ,Matt,Haslewood,REe5FEGqXj6HG9jF
,Customer,wvyNU2UF063gh,Almeta,Dominelli,ToFbWGjby6SLA
,Customer,rHZzhEQBr8jMTupwNCBjNLZ,Jayson,Shedden,L7ubgYeXFtbOgeq18uKeMzj
,Customer,J2ZfwVpXVJMDy33FvRAWS13wWqoR,Trever,Dael,FRgBUnrq9ddxdQsKxzWGySJNIl5M
,Customer,fENrNvnMUnJCU6B4RNdN1SSt,Johnny,Duckering,ngSqUQwa7vnKaBsw5zWREHVb
,Customer,wg651yDhjKU,Donelle,Bakhrushin,WSDLrmsDtSp
,Customer,niKYQX4Fm,Denny,Missen,0wQLkcW3i
,Customer,3a3oJGEvw6d4zvvz,Myca,Beceril,kJkaA4DssUMZfMTr
,Customer,rFM0R29RnoH9tNW8NnGDkHeF0lAH,Johnny,Scraggs,2dGOYrR3Z9azCAHuFupgR1DyqjX6
,Customer,wteeVjYIG9hh,Dita,Presser,cEfbDP6qFWjx
,Customer,A5zrbk4EgZ8wbAp7DX6kyyUIx1Eo1,Nonie,Munnis,bdKgCueB7YaUPj1rroxOwsg0PKIW1
,Customer,yokQdYOwI3iSRb1LDpmkvx9tg,Agnese,Goolding,Qi0EjH3no78Q4myOFmelXtaWV
,Customer,cJTDo1vwYjLXdrX,Ollie,MacDearmid,QNLmleOgWFn6Wdr
,Customer,qkLS0JXa2,Dex,Jeannenet,tCs76Fikt
,Customer,gEb0wZFuVm7GeLW,Janetta,Burges,eZCdI3cgen0Povm
,Customer,ChNHCSRAtQ,Ollie,Goolding,jfx5xt4aLP
,Customer,KW6JUU3AewOQiGXao4vFfu0SNmq5,Shaylynn,Gyorgy,VRitVBg9j2csqs1EyuTmYWZcFG5p
,Customer,UlM8AdsY5d2hxldia22D,Allister,McGuinley,1BtYfugZGClExlLoX5Au
,Customer,tKcmJ8vpKHOV8ptRHBHeMbav,Osborne,Iacoviello,nEvASIpt1ULNS8Uk9jzRRoF3
,Customer,zHiXwg3X0ogea5zBIWkNIte,Lothario,Spawell,xvi0VJUzfb2vFE5Gx61WAiM
,Customer,OqZWPYsuAG2zoUV7H7vDW6MciFUc,Felizio,Brimble,WRTr0yLXeRr7i9vHrfOprqjeE2Rh
,Customer,DZo0RROJcS7T6XHlcOV,Kurtis,Brunone,sih0x3HzGeYJF4KxlMt
,Customer,9w2NTxRhokOi5PnHgbadSR,Malena,Mardoll,uQzUs9m5dRco6kqqSLQM09
,Customer,IyeNzGLgzw,Helga,Roubottom,gyyYpP7Gnk
,Customer,Ngr3YnKCN35v86fzdHMkwpqc5gRLAE,Nanny,Van Dijk,g5Jp7yHI5pz9unAqawZmRKPDhUiznk
,Customer,uU7RqjgeA8PLArg1Nd8EXw6rn,Nonie,Varian,kDErMWWtVLZqvQX5Xiz9Ly6NS
,Customer,q7Ybpjbhjdeyslu2elQpTzMvhzo,Manny,Foulsham,TFFoWWEM7GR9zOgxZOH5GPeYcsU
,Customer,9AlPdrNYRDNsO,Marquita,McKinn,KcztEH96aRlNd
,Customer,O7BuMLkCEch8CENDk,Sabine,Foulsham,1BAZZag3D9eCUBHQq
,Customer,doT7YycouuvuYS7u3h,Melesa,Corr,Z4WBTgj7f6So248cLC
,Customer,7kwyKGBzcSHA4WTunyA,Rustin,Spawell,47mIKO863vjYR5ZDjBM
,Customer,ly0AlX2XSOwanulZCVdd,Lawton,Washtell,ibCPbCRDKddVsWvDBVhW
,Customer,DBhp5Em9rWU7vPWHE19HvpTum7T,Johnny,Burges,UfeR43tLT2RuOySqfWQLUXPQrEc
,Customer,otYYvZiSceYZTNbWCobvQDS2bZ,Shalne,Younge,vzV6WADFJuForWZouTHznDhfYl
,Customer,0P2WbuUSk7aOyIG7iRrXGkcJoTgzG,Lothario,Castelletti,qMh9F4UltlB8KySTWh8iZbCfJIPkf
,Customer,dxJDZRgESUo9qubP45eMeEpjW,Lawton,Ardling,E20jTIcxxLABnMkThpgu8rFXb
,Customer,hBdW71099b,Ernst,Sayes,W5If6x3oCU
,Customer,ZfmICODJIpvSSOHrHfEwX57IaTZp2,Salomo,Mynard,LH9r08d4ItNjCAXIGWpWLT4HAj3Am
,Customer,Brmolh2ms9tYGGg,Trisha,Munnis,LUyb892nrtc8TYp
,Customer,Rqre6QhTDUMGGEsV4J3x2,Moishe,Emerton,2EUjn0K2UZGGa8NRP2o9w
,Customer,pK3KQFyJ,Neron,Tillyer,O5XDmYfF
,Customer,fnfg4DtAlQjsCEj,Lothario,Enderby,rzMh6D4wvGedvIP
,Customer,oWE2IuyTYOZcI916ZkcVmB380Fd,Ernst,Brimble,NFcwzHy401CzouoYY5cZvsAvG84
,Customer,MKm5lSFC9Sgey,Janetta,Jeaffreson,ZT0NiANRz4gh3
,Customer,Uxjz9IEqTBGxzfPXwjCuL,Ernst,Shirland,gWUuPVJYPSVJREW8rUYLE
,Customer,mCaRgsxrWJ2hrF3YlKWhAqMX,Hillery,Tillyer,RcwlHbZ2YB7MalIf6BaaB0o3
,Customer,u9U8CCiCA1,Natividad,Holligan,R0aonXneKk
,Customer,NAgtoQN37Im0v3gVOhnC13FTJw,Agnese,Scraggs,oTtXIJF4trCIMZ4yNyZ5ndvXeE
,Customer,Pz05xcjB9vZrN9OF26A,Sasha,Presser,GRBODEsh830hPJFzMBP
,Customer,FDcimJilK5cOxbNQ6,Melesa,Avrahm,DqV01M7TxfuDfLsXQ
,Customer,POYs7hfUy0qHhR4KBrQl,Melita,Goolding,zycznrGvm87FnaeZDfWw
,Customer,CH6pMJ8pYZk,Corty,Mayler,TuHFsFwLsio
,Customer,FWKji8LBEYPVs6Hy,Trisha,Emmatt,VrcBH13dPQBdlu8z
,Customer,2Q8yaoTMLfSjOSSy8t,Sabine,MacDearmid,i1bOC7zjFy0lzV8NdH
,Customer,q9dEXaqFzA11190p,Neron,Davisson,VktcJlYL7UzK709Z
,Customer,W4SOIcYauAIWZdS,Rosanne,Beales,b8rmAtmh5bXSDaF
,Customer,9IBfj6J6kvkbWDUwJ9S,Jerry,McAuliffe,XlrokXZEq4rhVRFeVhV
,Customer,GmNRXhn8jc7EqrcxY0HiGmIP6,Salomo,Klimkin,jppCqHCMpMOaqnFU1RdHgYd4j
,Customer,0u4Y9mCCU3X9RhmbaLGUV0S,Freddie,Younge,0113EUYJHMxGaAj4YeuNdZQ
,Customer,80mW0mTXFx8nMMohgRktbDmiSHXywRb,Kristy,Hartus,KXXYzoYTWmKcqYEltro4XaF5KCg3exH
,Customer,vjG95E7AhxO,Nonnah,Landre,avjUwd2bnS6
,Customer,U5kIi1qX6s5kvWr8QJsQ,Grata,Windibank,wJUW4zmyNVminjO2iQCH
,Customer,mtY9YNdogyP6BLMk16u,Shay,Isenor,AyPlydoVZzQdYb7mMtk
,Customer,OlVXEsuTAjPRJoMU16eNytNPwS,Kelcey,Dominici,57QpofODlI4dCqzgKNz9ZuzejV
,Customer,8H6Ae7n5KrWQ9sLOPlhPUPQjQ8s,Christoph,Castelletti,lHN1d1LBjOM6EiJqi705wEKiY18
,Customer,b7BIoDiZawFMpGSPyd899HLCrEbPGM,Hillery,Elix,OHvITa5uKP1relaUuaIYUIB1BKGTb4
,Customer,pupIs6sRt1JkbHKEq191Zs7uv1cyr3,Allister,Jakel,7meMciXMVbpZuvA1ot0wPp7naGn4Zh
,Customer,lDIxunRHFXEQRt3pS,Jodi,McKinn,rLFyIIDUMZzNZWtc8
,Customer,HKKzFIyhpYTmKEFwd7KyzE1q,Moishe,Joannidi,2Em2QFNpoybQdQp64gKga7N3
,Customer,vHH7vdZd4MJox1LbFKX3xsywFUJi,Trisha,Percifull,i5ixjmUV2RVpCdfH2FC2OZkYIUCP
,Customer,UPfl6UgKLqDsugdEWlSiTKvHUIj,Grata,Washtell,5jfJfEFFa0x6ka3AYnDP6IvkpXc
,Customer,A7qiQKrDU,Tracie,Shirland,jNdi0n4A7
,Customer,aFbuFEua6w1gQJBFbwqlcBpsQV,Marcile,Washtell,0wN1rl66dJEkCg5OXRyMPzBM3l
,Customer,BFcWf6pHFAyEedGVzf79zo,Myca,Klimkin,rQmjvLRXUb4xA9ogwYtkcH
,Customer,RSD7fMLhrIWx,Helga,Bakhrushin,6rqkTgO51GAx
,Customer,Q0WPSnxby,Kristy,Laxon,ZdD18ytDe
,Customer,A7qDRhK1xtAvaznVnyFwgq3BvQ,Bone,Washtell,P5wb9tkINd8FcG1ZGmuIB13RjX
,Customer,JMB4PlEkOVdXIk3W61z4gVlJ9AHym,Grata,Mayler,wIey4bPzU9sP7leBfK1gYJAU3Cx79
,Customer,gaCBcspqeO0OdEn7F,Myca,Spalls,Dx0bBlARoHJhizbyj
,Customer,UYkAh9Yv,Corty,Elix,EvZCcPF6
,Customer,PlsRr21FItoW,Gearard,Foulsham,Ezj3dv0tj4lS
,Customer,CAgdN9rpdZ35zFCeg,Gerda,Castelletti,uaL9RGDBAqIiL30Rj
,Customer,EUqnhdztAH5hSurci9e2Xn6,Denny,Byer,PtvaK5R37MlziD5xm4pO8kS
,Customer,hQvQm6Vpd8qez5y20foa8QxtASG,Oberon,Isenor,zFiVY16UVdcleaCXwQI9IzN9OAq
,Customer,EFrzv41C,Osborne,Killner,7Y7A73S5
,Customer,T4vICeLqid13hm,Rustin,Salters,1Csl7Hq4orscRS
,Customer,bJA9rt8Qz7KYgs1lfA,Richart,Dominelli,3NEZ9upohaHBOR1lOz
,Customer,7wMguqvAkp,Tracie,Dominelli,mLsJQqgn0J
,Customer,6puLa397U,Gerda,Washtell,6xXNoAUgz
,Customer,k8BitxqvdAXEsuS,Stephannie,Bitterton,DlXBDZwcpzK1s78
,Customer,euGnAUGfcLt1FGA9DP0XzHuPFUq6gvY,Lothario,Byer,7aowJG8tQyvgZ23m7aYDTpni1bdqfl4
,Customer,hB4fIjwBHmsOQPIH,Marcy,Davisson,U7SkxCwKYd3rNcSf
,Customer,MQa1bHugZ1RhmNeSZbMwPsZVz4uCkC,Jordan,Dominelli,ksYz3GDd8YAy7Dkq5PkMTsosAuGpom
,Customer,M9IPBcsSk6biyXj2nYX,Denny,Jakel,dkGOsSzxkkafYH2seG7
,Customer,b0lvqZP46pRWrMpo6,Marnie,McCallion,LHLB09m1MJ0z4fJoR
,Customer,60fIYCXg7,Manny,Dominici,reZbei4QX
,Customer,V7E2yIf0w50sa65FwG,Shalne,Paoloni,LvpqtP6IrTQdlAOZcL
,Customer,Diq8QCPhS79kUILxbteMR766gE4rG,Barn,Tillyer,N6MbwQ5099PlXTpKKowIre1jVHVJo
,Customer,zxSxutIvC2kV7BWFj,Trish,Savine,0adwpCvoGzSvKBjYR
,Customer,bMY3vHZvBX4FqUh,Yankee,Hansman,wy7r6YjMKvJnM6L
,Customer,JuX5PjURIpdsS7kTUhMTxeqsp,Deborah,Enderby,1uqFjIsSX4VliIZj86r5Ct5YC
,Customer,lEPvtTnrHNy58hqmWC7eGg,Terra,Brimble,mozzj8sRAnm7L47WMOrhZv
,Customer,0DgiuHqh,Ollie,Flegg,Nn8cVChA
,Customer,2ldi6VJDKTYxf12R,Melesa,Gyorgy,TDcduC6eJTE9Ipmx
,Customer,95sLxk8DZ1jChNCMrELPLMQ6,Sal,Gun,NjbglFG7zFxP4Dabmjd9xjfA
,Customer,WRvwdwNh9bf8Urk5nwkYJpEGhdfG,Nathalie,Regglar,fU0bzz1jK6uFzrCPfiUH6BcNxZkW
,Customer,liGTJl7F,Moishe,Regglar,8krYIuxg
,Customer,q7Y6EgbVnYigmtv2eD524JvFz,Kayne,Scraggs,8c3uILFSkuyRJBwFsa4Iqvwbq
,Customer,AxlKk2BOmSDcHmUoDbvUis4w5Z,Agnese,Laxon,x6IEoaatG8TRVFXEWwlSTDmi0r
,Customer,uDvPF55HkmW7ikEXY5,Nonie,Tonry,wz31nq6thPq4DpN1tG
,Customer,mxVtMoUZhuU2PkZp,Trish,Younge,GVoJwh9YVuMkmqqh
,Customer,DeQlJEOEwuOfh4lCtBS,Marquita,Washtell,CVfZGGNXVWML40mNm2B
,Customer,MlrlAON5wEeRU,Helga,Scraggs,C8wSyYSDVd88v
,Customer,SlrG28Ehu2,Trish,Washtell,6UwPYi4wma
,Customer,CDEQZJnVpfsyTNPyp,Lawton,Spalls,7KVgi2KI1u72by1Jn
,Customer,Ahddcago3roeW6vud4OFYJ1vfr2SOQS,Allister,Bakhrushin,dxAwzoVL2DK2n0zJkUCoqvwS8UhRaEN
,Customer,fmpWpQTlIzZVQ4DH3RXxh5G0YrqN,Vale,Iacoviello,cpiOcKSw5KVExPNjlUWKD3s4FfvL
,Customer,z3CHYjZkcRiAtRqvAPCz84dEDVZXt,Clemmy,De Morena,m5dmIkNdTd7scNsOSuzpTlPkTleY0
,Customer,eQOdxIDEObRJQ35V16kkiiIi,Ramona,Tonry,BWElOLYduhU4VnXT9QXGPFwe
,Customer,52ILA3z4U4XM,Bliss,Sayes,nyDoqUZ3Dc97
,Customer,9gzKCRsU3jW0ADG6g2XjIdVjB52Rn,Lothario,Landre,jboHTObUxqPM9e8Zew6Q3mHYgjhjV
,Customer,7wiuPJaiUfy0m,Gearard,Shirland,RPGNgZNI0RkvK
,Customer,esog1FMqRAJEeXnnua6AJpqYJnUmoP,Tommy,De Morena,T1Tx7OmFF4msOXfdG88G4o7h3x6bGF
,Customer,CimVkH7u6YxFGaJUW1Zdqr,Denny,Hartus,ffGmPbUP56lHsi1l3aDZaF
,Customer,gPrpbhnsX,Vale,Spalls,QYPxWrRhu
,Customer,cLhptkv27hUVxE5Ac1FiTp,Lawton,Mardoll,GV8018tyuucQ5c5v7eZnKr
,Customer,NcjrmBaOgcthSL7ge4oNp,Salome,Laxon,t7EjFUtwgAvFAap7zNw3Z
,Customer,kbPt7P7IJtEzy3HriD,Lou,Windibank,ugsX5TL8XIFcrflGWs
,Customer,vaAxp2cGCi3FPK,Freddie,McCallion,u9fGNQTQsa7YXO
,Customer,q16b8dWtLAa555tIQRhm0wlN,Natividad,Dael,vILwAgPkbvMt5D23noBPWuiE
,Customer,5TZgHdx0PAD241cASSsfO,Jacenta,Jeaffreson,CX0ryJBgTyoaaB5RUZuRD
,Customer,B1YnKtUXdzeJUeRBwduuGkCJ71jsr,Natividad,Rabbage,pB7NgRPUAGEQFll9KIBwqQDlP43Hs
,Customer,cclByRaj2Pa3KSP6SICiC5kTHb8Z,Kat,Roubottom,M4LJ8OYiovdaK3KwsOAIaBhRUKoz
,Customer,EYRDVoO6,Truda,Elix,bdvkWiL0
,Customer,uc08VoefFnr7iKLA6M7U,Bone,Enderby,LdEZ4Wl1XyCVvc2YkKxI
,Customer,9ikl0o7W2LVp4,Christoper,Duckering,uJPZRhe6jUaN2
,Customer,kxioKk4rk3DO,Bliss,Roubottom,xC6IMZUApJ24
,Customer,SkiPSvecCdDjItUYcrCNp4yf,Nanny,Younge,oObhGmXx9pM7gzAhWycBlGSj
,Customer,4OTZm6dDp,Nonie,Hector,51tmqY514
,Customer,OEGOb1zNDgKwnF7jUOwBm7wrusP,Jodi,Shedden,fkFazANZYv6DxY8BeIP4ghrolci
,Customer,or9faSpK42LCczzCridZyp8H,Torrence,Geely,BQ4AGQr3E5O6OzrJ8ZUxLBo3
,Customer,BzQCbTkj7KyaYXVow4Md2yl2SO,Neron,Moxsom,hrsD7r5J62Rwn6VKoCkFnt6TyY
,Customer,pK4vbRtYx6cg8Gm,Marnie,Beceril,zXymRYionKLDSnv
,Customer,dMVqy7N2nWRT30befpk7QvD,Reinwald,Savine,p620HZd3qgEB7wOlLy8YeS5
,Customer,yUiR8trRvvU1UTPby4jYKdQjv,Christoph,Scraggs,OWuHrBl8smWuu4g6soIdboYzW
,Customer,b0cNfRkn,Lothario,Bointon,p6UEmxWA
,Customer,wfdx8rW5,Clim,Ardling,kmcIg2PJ
,Customer,oMLUoMSgtchXKC1vvuThbXrZ1,Christoper,Mettetal,xi5ue4D77NfYU8EUpzvUSzCnu
,Customer,iVEfykHdmGkuzy8PdSGTnjLU,Allister,Mardoll,yyH36i4poPkvWDsUnfrbsiZL
,Customer,6UbHuuvovuaMirri,Joey,Avrahm,2FrVRynVTVwcoTtc
,Customer,pKxJ1RfsXs5Qq1Pp,Sal,Giorgiutti,VIXXtAg4qYzoxKyh
,Customer,I6DLFHbh49WZc,Marquita,Goghin,viLmLQtBxovyu
,Customer,zHILEm0uJvhWs,Margaretta,Killner,5Vw1OaUybEKIp
,Customer,05UrrmdS8gvJOR,Oberon,Spawell,uzQZnizsZEMAHf
,Customer,D0ywKAvsaip3i1BY7QIevJe9iaFKa,Jayson,Iacoviello,3cTxBdyhvDoowxxUeUc2fGeFqEX1o
,Customer,BYvFgzlxdIuLrKaXSMHNz,Tracie,Shirland,2RQC1Pl7HpcMPWCXSiHbg
,Customer,G2aDyYUOrx7Hav5LA,Jacenta,Mardoll,jTx6gr2vc9kl4GVR1
,Customer,VlJI4dCAFz,Nathalie,Beales,gHqPEiDHas
,Customer,sHBs9rnjELLCwF,Carena,Beales,qJbNF0mxRunPQH
,Customer,3alNNPFOVr0gTy4AYK4Z3z2bMDJ,Rosamund,Van Dijk,1vQcSEJXHmFUsBsMNAZOraKgg9Z
,Customer,GRzB7hqqLkfkQckkNvW4F,Anson,Aldham,ji8cNQ3PFUEaDKh273XGA
,Customer,lKAcOcUIropHEiPD0m5cdT6,Natividad,Savine,WYrH3rgYqI9sPapx9SKQx0r
,Customer,qnA5DWzpREwzU,Salomo,Windibank,8kVkQp9UVqG9z
,Customer,Yl8GrDa4lNBLD4,Rafa,Washtell,Tik0D1V3DDBAZ9
,Customer,sN867FYEc06C,Oberon,McAuliffe,SRFv8X9SfqF2
,Customer,zRGaAKnxMLnXOtl0,Salomo,Jeaffreson,o7lIE9OIeRkJBy3S
,Customer,zPuv2jXakIigiwNI,Jeniece,Munnis,RyE2kX1O5krFgQ6y
,Customer,gKudL9RS6Wx4UgSIhDx9HGIsmmDJ,Marquita,Tillyer,L9QkS7cayxs4J3tfUgxhuvSDoRBK
,Customer,dFzsCusHZht9qvguKQSsiaob,Barn,Hector,GGNk5BTF1u3xlwGgwLcyVtPQ
,Customer,c1fGM0QgDtA,Dex,Dewfall,grEWFaT7sd4
,Customer,tFEgd3MY1QGH8VHb1OL,Nanny,Beceril,yUFKdt68dqAYEJUMWTx
,Customer,QmifreVkCV0W35JFfZjtfFkWlP865,Denny,Holligan,QkIxlO6XBDgpVJxdCof0P3OKMIMGx
,Customer,qQrJdzKnq5vrUb2ei2X2,Rosanne,Klimkin,UoiUK1PXLVQSNN3dSSve
,Customer,7hAkaBvj49iHU,Jodi,Rickman,dNSlUCwpwPS2B
,Customer,5IQmME3hxXqIirSCNGLSV,Donelle,Dewfall,OcZV2tI191XpZABz6YZQz
,Customer,BvFjtFV6hxjBQVI,Jerry,Mardoll,CzqZHXVnct1TbQ0
,Customer,ZlaPbspXQNedGIEmHdBAY1oUf2RBOWT,Osborne,Gundry,dlNza9VbusuEq0lTZoLUwIwPMmUqq1j
,Customer,e8w7iRULDZhibjwTrruTa,Nadean,Reffe,X99iUuP4V3XXIOa9YtlyO
,Customer,6EAbA4X6sC4aGWN,Helga,Killner,rlfpphaxMMuenGQ
,Customer,uEbfbPCwKzxnMC5xHVW66,Shay,Mynard,wtoHo6tWZzjNYxN4x78Nf
,Customer,vwqFtRB5bRYDzT31P9i,Nathalie,Jakel,0DmCOJd6GK99IUsmIZx
,Customer,9iUyGjq6xYQFOCi2V,Anson,Scraggs,5o2BpZOdKP4kCTe0G
,Customer,wkTLtfIo8F92u8ulcgxKT4em4B,Shay,Klimkin,2e9i8b3BMF76t28zb1TvRNWSXw
,Customer,sdWa8mNA9QBp3914Wt6qjnQH,Jordan,Mardoll,6Pn6UqyG1dhJnfwtlUgCjLcU
,Customer,Zr2SDwk1AYwDsTjNS5oxr,Anson,Burges,5ljTMdnCzmnh5IpBiIEoi
,Customer,a7FKJyVz1d,Trever,Hector,yRbMf2RvXr
,Customer,fJy2VusjgxfglYdJBHoukrwtP,Tammie,Panichelli,NN9oWaQMKK6PKLSI53OoFJgS7
,Customer,arklNKiEphgjU6zqd,Truda,Scraggs,07Cskfu4GQ481IBMw
,Customer,S403kg71,Hillery,Moxsom,Cm6M26Iw
,Customer,LqgHawYLkqF,Trisha,Sayes,gw5QnqwMoeQ
,Customer,VAUSMJdkQ,Stephannie,Dewfall,soRyisURC
,Customer,5lUIWQQ1k,Jayson,Frickey,QI1YlcJ1b
,Customer,70hPmW5soho1XaatLIauyZBKgDhAojU,Anson,Salters,2PKGGvRbfYTdRIVElQO74BBRy0ogTdH
,Customer,c7laBDpJ00,Kayne,Elix,PtncWdGcBC
,Customer,9rTXDZofYIiRipCjxr,Terra,Tonkin,cIMrBb0biXHmjTplCl
,Customer,ccw6FAMsgdhisSUZlT4RoYiO,Barn,Mueller,Qsv8aEfl7Y4kK9X3QNK99La9
,Customer,ufiKIuIhDkxpVIu,Melita,Sayes,z49HCUdMdgqaPdM
,Customer,EvVRREuCAck8Ftxh642rUn,Nadean,Mueller,LRFwwcjbz0MvrBVy30uiIc
,Customer,mfVLHjBqfCFx8YArsCG2Op3Vf,Jeniece,Munford,wHvd7RgVdjqMnbdr2WKDrDrCY
,Customer,QVwaYkWiHsWPzcu2oc,Oberon,Dominici,Q6ZgOtU60ApS8o4Y5a
,Customer,GQG9gJm3Oyrs7af4Yrot347,Trever,Emmatt,a08EdLEVNor6RyPqGdT5TDE
,Customer,TcqcrABwdIMGsjO1xei57d4EOv0GNty,Richart,Emerton,jWKVfIkpvm12tXczlmrm2yaA6NT9qZs
,Customer,g0xLdc2jLO5SKD,Melesa,Azemar,6IB6XOa3xfOiNn
,Customer,D4VBrxrGpSmWUIjFsYHu0Lh8,Shalne,Hansman,qYdhd7q52MH18E9OGWC9Al97
,Customer,bZnz2O0aCxriZIOxm3bWy5zif7dXhe,Lou,Killner,D9n0G8XjXqyj6Tfplx7pmV7YkE34mq
,Customer,xKzAZxZzkdlZA,Rosamund,Van Dijk,j5ePaOaJxWsKo
,Customer,hiqBuVPkH5bR9kMKlOlp4yF,Marcile,Shirland,eDsUHQHtziu7NJuoceTyJ7O
,Customer,Y1IzcMrLM3ksNBfMNi1xUMU3B,Denny,MacDearmid,3s6UqZkVMip4Eucb3oGaroC4s
,Customer,svMsV7fyh4lU9fqKA8Z3JePOW96,Nonie,Paoloni,WLVM01613oEXpENQXn1YI1zk3sy
,Customer,77z7cA1B5XCJAwpwtf3smLDGQN,Terra,Stearley,Ro6Mvlyw73qanIEmOj4mPQDR3D
,Customer,0BeHqbr2fBBuPlTiN9N8,Boniface,Emmatt,k8XmjXHcTPlWKcUHl1WB
,Customer,Kd5Y6aBlJ,Christoper,Dominelli,xOlw0VE6R
,Customer,0R47gbzo3W8X2D6r,Shay,Gun,mDw7isoAzojEyrvH
,Customer,A1WYYP2kW2jYe0aU7C,Tracie,Matveichev,vfdgqSyRSp7bp2h7nD
,Customer,8WvSJSQTLZKAjev9XcGYj,Salomo,Geely,CsgFso2q71nDR9zxhs7yW
,Customer,Fjq6bySUTTUyvfQ14M6nwFJq,Valentia,Hansman,xXtaZxKoaJ7TQNnLbjQbkc5z
,Customer,G0KjPC7hQVBBi6wO4Hd,Ernst,Jakel,wMsdo6dRKgVgn3trff9
,Customer,D8GOcrnSjyQhYDBtOM4YP17tPG,Matt,Emmatt,tbhLkjzCROoTvqDikjRJHegxGv
,Customer,dBGWNLpVldIOGMxyEIMVWkRbH,Allister,Dominici,MQEQpi8aEjV77UhGVrv8I2pQL
,Customer,raiALgB723APlWdgVKZnpurrkCKcUAD,Nonie,Frickey,nQAwDrCuyZQhbkFkOOjGUrjElot9msO
,Customer,wkH35q5wn1vu,Nonnah,Washtell,GUf0zFlo6qne
,Customer,CCLBQEL4hqQba5Qp,Barn,Gyorgy,pgm40GWmZ0GV9asJ
,Customer,lTqCkmR9X8HUJTw,Marcile,Mynard,VAJ9LPf1FMglOBp
,Customer,Yddyyegrexn2kxyrwVpqDtrR,Trish,Foulsham,6G7lXXydPMkxEi0RQLKwYp43
,Customer,aLijyjz8x2GyHtccFjnAXLQ,Lawton,Geely,gm40mlgSY6eRd7Ddl8HkygF
,Customer,2mdHnxiWVXqEtnaSA3PcFrj,Oberon,Emerton,z6m7ZHH4udtU8vh2ZS3bef8
,Customer,Sbfd8GbM6Nclc0OUbvNYrfPPD7PLLAK,Clim,Boatman,R2KzE449Ov9qmIBD2Pk9CoFLi65L9hW
,Customer,dBM5wNt1EGpNwNswwUWS,Cornie,Aldham,SV2jsrteBTMT9TONS9SB
,Customer,hwxtNNIS,Rafa,Duckering,ha58QpQP
,Customer,E9vgR3aUASy0ZCZnsqM,Gearard,Durtnell,N7j6Szc1yLTmn8u9xET
,Customer,pdSFnKTTdvgGdmeTbSD4nzC1h6Tv0P,Truda,Burges,1m18YRWYyObWXZLrzaQXAMi6cgRqNi
,Customer,mMCxS066,Sabine,Dominici,CpYS9FBF
,Customer,uOGC2hP9H,Salome,Landre,S3OsfGcVZ
,Customer,sXjgF1mYN35DjV4,Rolf,Panichelli,AmsEsnOOuH1vD9y
,Customer,AfgJXLT2yvF3agwwQF7HAAw961v6le,Tracie,Pendleberry,uyWniVbhmEcdE0YYMeOe1hQfTcFkBG
,Customer,pajN8DM5RrE0H6owdpG8,Lucky,Jeaffreson,3YJU7zAbTDOA2vtbREHu
,Customer,owSZNYjjn,Lothario,De Morena,1iETb17Nn
,Customer,6KNwXHrrrB06ZDs8AHsYXME,Hillery,Frickey,R8RoXutu0q57pjo0UojhY7Y
,Customer,q1MBbZlZHOi,Shalne,Brunone,tVgq8vmdub3
,Customer,SfXr9rmdjC7nncI,Salomo,Hector,uNI96tDJJT6Rnfl
,Customer,UU3zeT5zhOAcOz2yS,Barn,Mettetal,wbTj7EJvWwDKUETgO
,Customer,41bg7G4UpTIpJ9ov,Agnese,Presser,GQ66ajdr9MlypD4Z
,Customer,eH3Asm4DrjTm0aocthjpD0sRhtVC,Sabine,Elix,02TebwHjE28dXvrdosCIhqCsNWb6
,Customer,QpirPpD2oCyJoAt6aA,Trisha,Shirland,xO13WinJeHKbwrevDx
,Customer,b6inGb23tOWZO,Shalne,Giorgiutti,jTK1dCVrP6tXV
,Customer,AxSWv1kOFW2mw1R4d1SA,Dex,Geely,PnigBhm5DjliS28jfpwA
,Customer,KP3F3ZctVhU5iGSX5MbRCoZtLR,Nadean,Brunone,L6HQ9VM99Y3RQIH0eyWlP783Io
,Customer,EBculjlayee1LzukmVLfxszuYewBs,Tommy,Mayler,t7oJdK9fq0B9n7GI58YsX39KG7KsD
,Customer,lhnpq8LvTNhh0fAPs3rlyy1NY9CsC,Rosamund,Avrahm,jWrvHyq1WwNi5TsoxYVbfuTU0L2Fm
,Customer,vfcqHwzV,Ceil,Reffe,xEBJ3RgM
,Customer,QLCnF9uxukFf9TJhf7,Lucky,Foulsham,0mb9HEKvVsX9LxOtK9
,Customer,e76dxu5nOOs98b2Hp,Christoph,Beceril,uzNqrOWr8aHvcxqab
,Customer,kh62X3lZSEt8LBEF3wsr,Shaylynn,Holligan,cicSpJigFHjlaorh0are
,Customer,664ZiA5e1o,Arch,Bointon,MEKjevkFQ7
,Customer,y8W3i8iV,Gerda,Percifull,mPaq0qYU
,Customer,kNn9Dez9wORlju,Moishe,Landre,fJmBsMFNusTbqM
,Customer,a5PxQsIqSucGgA1,Kat,Beglin,yDOdjDcRWVYKwB7
,Customer,7dLPjJKfBriZi9X,Christoph,Davisson,DRULXbHj4QmjEeL
,Customer,N97PyvSG,Salomo,Dael,z35gW2Z0
,Customer,DlYORAYqf,Hillery,Emmatt,gkSZzi9Jn
,Customer,JfJsT7t0saWsfz20XzVm,Jordan,Azemar,nZYsNAajEaUykd6RbZXl
,Customer,rIYVfYeIdFMcIOBxcFR62VolT1ioAIj,Gerda,Beales,0jZtOGYC4gfasuoqTDuGNqOo5CddXe0
,Customer,ZY5LeykuA5biZnZgRXgws8ti8L,Rosanne,Azemar,gaQ1Iwo0qRmNdt88zlCTpLjjPt
,Customer,moX5S0GnwlT1Z,Oberon,Corr,3PDTJhOMw8kVf
,Customer,RaYlkS5si,Janetta,Panichelli,ue0Fo2RCc
,Customer,ZLZT1u7iQT,Clemmy,Savine,TtkGBxQSC7
,Customer,A3hDD5B2HCK5brWa5yGqvxrkY6AVE8M,Anson,Munnis,YebXUeQb6pFamacOyglamWi7yrYqqJz
,Customer,RCCy73TcMzmGTA5ebVo7qRBd1,Valentia,McGuinley,9KnGeritfcXY2okVJ5jycsRYJ
,Customer,8RkQF3dfR0aYWA3ysiuvdVU09lNyxUL,Grata,Holligan,LCHkw1y7FLTjs2MxdNVlGp7OKtojwBz
,Customer,YdDy6JX9X,Rustin,Rabbage,3iZSoXdqk
,Customer,PRnmYtrOTXZcC,Hillery,Joannidi,DaCWmNcVMVBFC
,Customer,f7xuTUTy7,Sasha,Missen,QE83hx3tN
,Customer,R3AXNZKVYs7jdiC10pYjpDaDVjP7B,Oberon,Laxon,TCVultal4dtKxvXliHVaJWZRvRwuH
,Customer,RI7HO0CtfrVP,Terra,Presser,xzXLWdsL0p9s
,Customer,Vspc3ZINm7cSGatQ0,Johnny,Davisson,euIfTOIzu3Z65dwrq
,Customer,IHELchwJZnFUNPmW1zAtcnj,Terra,Mueller,QJCEMzPrW2GVGvZsFdUHQ1S
,Customer,eqNznuXMl6si1pSC1R5MlP3P,Jayson,Boatman,qjBXYccLImjgFCDa6BemevtD
,Customer,aV1Nojruw8L1Xr47D8WYhHlbaEN7Lf,Joey,Boatman,ZKyAlpIcwNLubV01esjZFgcXgFjVQX
,Customer,KCpYCKEWFc73yq,Neron,Roubottom,k1pA2ON1ifL1lj
,Customer,qRcDqjGnZyvawKPLB3n,Terra,Gun,wLBcoNiVZG7uDiQkPSw
,Customer,OtOKOz35WMJBRfyOe,Jayson,Dewfall,3dL2SRhI7XRlyKkRw
,Customer,W8GN6nLK3Wdpt6xMFnzMCSRMJB4,Joey,Jeaffreson,N8ZSc8AKxtTWCY9ZmUazzPBkfsL
,Customer,ZUzDGprtM,Oberon,Shirland,SlDvnTgy6
,Customer,BNrtDEaBBOA,Marcy,Isenor,m844JQgyh6A
,Customer,IZ0t9T9VTOD9bXuE1MRPB,Salome,Salters,HfIMBpUeN8pQnjXr0NDVV
,Customer,QwFN0cHiWyvcj4VsN7nhMje,Melita,Isenor,HR0L6i2arofSe9KB29vzfU8
,Customer,hqJmJmPEW593Mc,Joey,Dominelli,ckN9Jy5eZ1e7KY
,Customer,axm7YBHQIU9OeTIi7wBjctZj,Clim,Sayes,8OY4TFVMMklaP7CQc4cBSjh7
,Customer,eVFoVccH1nIPaB5XlIPdfh7,Lothario,De Morena,R08ADRnSkR0VEgLanyBqFqJ
,Customer,pUsX1paOnZoK1niJgrXcyspwJeZ2d,Kelcey,Reffe,acGDuVePKphL9Na0aaKsZh6BOV1oC
,Customer,tcvoWZPbQtRLkZCWv0n3wIv4KjWZ,Sasha,Burges,ibigmKQxNaZQsbBFtmP1zqkigKtV
,Customer,uMa64NIp7qvbhbN07imwEMikTdO9Sb,Ollie,McAuliffe,YCG8vxlY8nUZ5L9FPshghecutk9lWo
,Customer,fPndZvA6gpKQ6RXdTIasCOzALV8g,Natividad,Matveichev,MWecqTxXn3QFuh2LX0tdBHkKIrIg
,Customer,9u4oAoo6T0XySXQ3,Christoph,Goghin,OFr54Idpapy2uyfQ
,Customer,eRfVhl1SK4o052S3SsMhz,Christoper,Goghin,UUBLbil9k8AJ1gVE5pwIn
,Customer,K3gQr6nwTuuQCi4PABHQBikJvlfBk,Christoper,Dael,OpZEqYlTGkZDUEx9O5fy3Eje8vvK7
,Customer,m2zMc0JH5oCFWJ18Msnln,Margaretta,Boocock,GA24R8CGFTJbaU46dIgdh
,Customer,tmqnEGKUYMBsaDIY2NGNMa,Sabine,Spalls,XTBbxCeNZuV2g3xSRM8scz
,Customer,FKj1n8Hx9Ry,Hillery,Beceril,zEFN7chXhvd
,Customer,9rowtlYz9ULWJct,Terra,Boatman,HDxojxG6NnOMhfq
,Customer,rmUQEwJ5ESdJqebm,Malena,Killner,BAndMxIpcQTqGiGJ
,Customer,45uYCNEI79l4qx4FabX2Q,Denny,MacDearmid,8ieNVmmQAFaMSyThB6QFv
,Customer,EVJxzpHZQqOfv,Trisha,Van Dijk,1HqnzKXMfdPf5
,Customer,qzSkXZvmI2MCr4YsBZRnrRaVD,Janetta,Hartus,5T5TwDyu3OpdkAPTheKyruV0B
,Customer,uXmKKAOjWkdTg6H7MbMTUi,Marcile,Paoloni,8pZUV1aTEeslxglxMxqMPJ
,Customer,N0oxnZz4Aetuoq5KExbY8z,Sasha,Jeaffreson,420te6da4t3qJVulSLymw6
,Customer,4VrQ4fy2,Gearard,Panichelli,8TbSOAQ1
,Customer,ZeY5L7wKGkfLpAsCkHHUGNLTcjfyhaI,Osborne,Munnis,tn8fcvER7AV6D2fc6jIiBJ9Cfvl12n2
,Customer,fxK0RahwuC15cYpOqRHPj0YgH,Jordan,Bointon,XzSrQrD4cZbifNH52fQB4BFwC
,Customer,hdJ5pISdlqbICbsLzww,Oberon,Scraggs,R0LhGBiJuUHUuxMVCpi
,Customer,AwuG6wtQLUjUI7M2JY7,Rustin,Beales,uYHSgK2RxWxz4GSNUpM
,Customer,ACY42c8BqaGkCsLb1rCRuVxzru,Oberon,Beceril,32rvTmquk0Fwh4qJ6rMvvdJkjn
,Customer,YYhzfqoEYo9RyjGRW3OZ,Rustin,McGuinley,5KyPF90L0WlDMEt1cZzr
,Customer,U1LT9eq1MVTQ7QhfqnNN,Joey,Hector,orI1QtvlO0FWElFtLBYd
,Customer,trOfO8F1RHkDo0GLzAupZ1lJOjJfdxY,Christoper,Roubottom,kkjUQN9BbhxIMlzaB1LzpQQODLU8EIt
,Customer,8aPUANLTq,Shalne,Hector,44yejgNHX
,Customer,WAv4H6E76V9GyPbLimYSsEZ,Boniface,Moxsom,cJAYrZ5sf8QrlnIA3F8iRaL
,Customer,4V7efT7F6h00OpM0Hl36G3,Helga,Tonry,7kfRCgiz4MP91fPMHqp4ii
,Customer,ICSqhBcrdPF5EL4T2diVXYPE,Anson,Holligan,aEgEmvRMOydRZersbgeOTUBx
,Customer,KYs6FOsKpZyJwBY86jgnw,Joey,Hansman,2FIZurDvqKvim5tRgCPyM
,Customer,5pym1hBmfeX,Clim,Tillyer,ajkXW3fhWwQ
,Customer,biXfd1ru8FTARBtbiTtkA,Almeta,Brimble,fxvCtmpHFJxefaqLwrEaS
,Customer,lvejjrgh1Fr,Freddie,Pendleberry,eYRTrkfmuoK
,Customer,ifcNrtdk9x1IPJ4wluZVQvkcOd6LuV,Ollie,Gyorgy,OKdYxUMX31ZTkrvFjyxhwntScxx6op
,Customer,yaHJT1v1q,Rolf,Gun,EnecRdKY5
,Customer,veZHtKgZd6HWqMb8454RlU824z,Melesa,Mynard,yw2wQJF0FHbB0avhqIRv8wVOwW
,Customer,N7C4Y0OxxeM5kGvIUUcDdhpC,Nanny,Scraggs,wSWg7EN7PFec4ZNa3nZSGHJl
,Customer,zCzVYdiHkAK1RotWY2X,Jodi,Presser,xB0BQ3PuTyczKFLFA7Q
,Customer,cU6Swlp3buBj7O,Bliss,Mettetal,XvPV1V5pgLuCp9
,Customer,0GN6MHgyWbZuu1wMs77GPu9KE9,Lou,Davisson,MLVfG1MmYQEbEPgTp0umgwALdV
,Customer,Q7j682qCEV4ELT6m,Agnese,Burges,XN2PGyHeQMj774j4
,Customer,iI1gWBn053zCF580B,Grata,McGuinley,ekCnDsn94Rxo6I9G2
,Customer,JPCpJLNUnNutnw4KsMZkGvonjwk,Kelcey,Hector,tcO4kaCitjyCy1jI2XQkIU7fgGp
,Customer,ODYMdaqE,Gearard,Tonry,Qn5t7asY
,Customer,5wzK7jLbRFDFKhGlhm1OI,Kelcey,Goolding,4Wrrt48ftBUFgafhRSXBG
,Customer,DIJVbeTv1B6GC3PwVoJKMjo5,Terra,Duckering,5LeAHL5O6tz2TnplbGc6mlgx
,Customer,6UMdUkqkSung2arvBMyW0huxoHL5N,Jordan,Shedden,bM7YQ3LbZTC3jUzKOy1nU1AXY1hSR
,Customer,lSBj4IuXIPuDVt5Gxfq0qWMweC2,Moishe,Percifull,nbufiLksfEQIxUjVr8nMNTYKjUW
,Customer,snH2InuwZ55pI5y,Yankee,Moxsom,Bq7jIasy1bkghk7
,Customer,F3ZnwB4OeR4pT95mV1xmYa,Manny,De Morena,fMHmnFb5CxtPNSCMfXsbro
,Customer,e2fjR6f0Ksw,Manny,Jeaffreson,Ho9XkbrdfUi
,Customer,iETvyLo1kxBULXyH,Moishe,Tonkin,ExTpw2rS0chGjzse
,Customer,vmqJ32sL8NbP1UG6NHLFkC,Natividad,Gyorgy,PLIJYe5GwkOcfuBwchha5u
,Customer,4gUp2VaCeUdp,Nanny,Mynard,x7RLMMQcZwYc
,Customer,Zt7azUs3tSzHIeB,Nanny,Mueller,sKnVsGBPGbDUUiA
,Customer,UF548AzARCm4HT8TWUFV6,Barn,Sayes,KYQ14AfY0f5c9V9YHLe5s
,Customer,mSmgq8MEHMHcVOdG1oQ,Richart,Emmatt,BG2nKQh0gUNvcblhpqG
,Customer,3xHtD05ieSiPMkok18XSVp1fNc,Carena,Jakel,Z5hsQ81zhYi2Pu2PViXbT1777Q
,Customer,VLOZlvL9dqds0a9RZcV432,Barn,Moxsom,5rit7xeJD38Dn0x5RnFAPn
,Customer,kH5Ej33lt4AYmlzFKVhc63bAtyQ8ON,Dita,Boocock,oQV2bekwTuao0Xsw2XABxpvYHb0TBj
,Customer,omheaBus41MYYshJ8YJJNy9W,Gerda,Shirland,AlLZGNb6b2n36rcsGNop0iiB
,Customer,gqYTAjg7Gx,Ollie,Landre,bv6ggegAHP
,Customer,mZo9imNNe2d,Oberon,Spawell,KkJdVCyn5FE
,Customer,6XncIKQdODnqOMGq3UK0,Helga,Byer,D4mVvpkwXQgZLD3XBtSK
,Customer,i6lI5XPmd3zZ3Y7z,Oberon,Stearley,EE4ezV3T1CHfoosk
,Customer,Ca79FpynYQZan4,Valentia,Spawell,2IBvQDyWnivH8m
,Customer,4GhZrLaKprMkqbMYwF,Corty,Sayes,AeDKEIuCV40Pw12OAL
,Customer,nGcHawF5OfW3wjXOtcJ1DjPJe,Boniface,Gundry,TQvGwxSFB8Aq7pP061rwgU13t
,Customer,nWRRRGDyvdHq,Vale,Ardling,1O0TxdW74X2Q
,Customer,OT4OapnZs8RrLuB3vCETkYxF3,Valentia,McKinn,LIWGYg3lcuIysaOIo2L0zjtTf
,Customer,piNgp9kOjxxZ0b9,Gerda,Goolding,EnWuvSKMAlZUQ3Y
,Customer,q3KeH82Cnj8iLDau10V78WTrKlJSM,Melesa,Spalls,0ymSfT9hi2wvwmbuCPuN7mCF3P1le
,Customer,M3y6OjA1qvvpAee7RNWkmLJu,Trisha,Regglar,6aoVaY6BKbeT6m7gUazeCAtm
,Customer,NL5V8SCtvi,Johnny,Bakhrushin,hzr9cyiow6
,Customer,4SBFNurqwmFBbQGyNhA62nmgu5BV0Ip,Melita,Matveichev,ABu9Y8GwR8JPJZLwFDy7hLLbC0i0WrY
,Customer,J9I1lBzWkEq30FRflLAhxT,Nathalie,Tonry,LnAMXYRSnzMcHrkaWrPW9q
,Customer,QsTVBas1pYgHzVzHmDCkxCfEfZ,Rolf,Emmatt,Ef6nPifDK516cxm02CH2WznVyu
,Customer,9sFpTeDtV,Ramona,Gyorgy,C9TfD8E1p
,Customer,xMAKucwx4AVPlu464Pi8WWg,Felizio,Van Dijk,PAokhla2X0fSkR62KkRmUaP
,Customer,cLXoBNfgzK6VA,Christoph,Presser,D0tHn8QaANgi4
,Customer,eR1peDXg13,Corty,Rabbage,li0FRpYqqi
,Customer,TNuK5AP9eKlTbne,Jodi,Dael,ylLzXwY1YSgeZAk
,Customer,xOeC9i3tK3QCcQ17qdV9CdYq1B8Yo,Richart,Avrahm,4MwcKwUuAemyB5cD0rTSghzVos9V2
,Customer,EO7RZZK7cn,Salome,Tonry,L7j5lItZFT
,Customer,CXQrWKfhLkZcbAvntKTlFR4c,Kat,Rickman,i3cw0mZSuVYTmYatKT5wHZ8v
,Customer,GvMmVaZx0X7fdDiYxgxA7k3Pz8P7Z,Lucky,McCallion,9Q1GqwnE2guIgWNP9OppHFnYkaZk2
,Customer,tuMOjIhfcsyt1cWYbB9LAw7exQLM,Barn,Boatman,GSfFH7VZsBl8wb1WQeRZQp1COLyB
,Customer,sFrtXtzQr8nXl54E0huh6,Truda,Emmatt,dSRJhCDfIHEk3FYsgpGLn
,Customer,epjJMEyNjZ5fwjbR,Jodi,Pendleberry,rjkLtUnrNxVDFfUZ
,Customer,nnU6VUg1vqzUmu4xXOSO8jjZ,Almeta,Brimble,CC790lTlVxu0n8dYhioubMIT
,Customer,Jo0uvluS,Ollie,Windibank,fYnz86O4
,Customer,dFnOjwvvQNvr0bCifnri9kP8vMt,Ollie,McAuliffe,p9TwgtA09vaqy5RMpJT1nMBgEMZ
,Customer,lqJfligJn7PBxpqeg9HVpJOSXJUwyl2,Allister,Geely,DN5p9VYQWYJAS5jfGRsq26YygGBGRvG
,Customer,q6jvt329c03oCTMuX,Kristy,Tonry,dbbmJw9hm9TpR6QGH
,Customer,pT0mk04oyshBuuV3,Denny,Savine,1FIz2rguwZvNsaFE
,Customer,a9rfUXoqtYbYa7MAA,Neron,Mardoll,CQil4fruwR3sNfuD6
,Customer,97e0YHYAEEtFxigfG4uYW5LH2vOrvm,Dita,Gun,L7ac2wt5fJjpBbgTejmhC5FtMX6r1M
,Customer,Bo443vp5RgB6z9,Trever,Azemar,IteE7otv1kRz6v
,Customer,tOzCU5X7TX9bsBPKNjjJXXpI8aqrn,Hillery,Rickman,9ideZ5eSJiWpBKD43JENBkOtvx808
,Customer,XpI8f0VIfvQg,Felizio,Boocock,AytZVqGJniZq
,Customer,PNaykn8T,Shalne,Byer,mt6fAM29
,Customer,StaIUvxoL7wNy1I1Nr,Trish,Mardoll,4LlkOFflgm1pNowJ9d
,Customer,OLU4LFyvgn0KQBmbNoKB0d,Vale,Azemar,RIB07BAoYwoadY2TOQvESW
,Customer,tgwbHxXWq5VV7PWGwISI,Grata,Laxon,wzVr3koBjrXSUiesYdio
,Customer,7aJeHDvXYkeGffiFtScV4U,Nanny,Duding,3CVRsHq6nKYzFbCEvNhZXR
,Customer,UFLW4bLEisKprZk1gz9JoMJIFL7L,Osborne,Windibank,TGZ7XpwfT4e8ee357MKHZud4T4ZO
,Customer,9IfSthuUUcUiaz,Donelle,Ardling,08v1tfkCz6RyeM
,Customer,7m29kkYcxUe,Donelle,Boatman,kUtQw3AQzo9
,Customer,dccGpe33Hz3rK6GZx,Vale,McAuliffe,OSqBxsYO7iqhZsSZx
,Customer,Ofc1no0Bp5iv,Ollie,Spalls,kOx1xUYu2vGb
,Customer,ECCbbMhTXtGuk,Jayson,Landre,jNvIa4uGmyLBM
,Customer,B92WCuJYvR6PLLjHkipWk,Natividad,Tonry,TNWEWYX0ZtcxGmh3OyiZq
,Customer,dF76mNOv8bdpWXqa6OOyplMRqYGbnwA,Osborne,Dominici,6R5RPgOniK6IScHJUMe1drtU9ybFdj5
,Customer,PZgPn5Ncnt19Lc0yFgVf04w,Felizio,Gundry,dmZxmnntTQzJ9cAA844SQUB
,Customer,DzPXgmWxGfki37xb4,Barn,McCallion,sq6oItZF27X7aJ4GA
,Customer,TzvlD4Zm2VOrgk4DTlx3aQom,Ceil,Panichelli,F66deaVeoJdgoOFwrQ8vj4VW
,Customer,VXCzp4mC6fuNKcJPm8UlAgoC,Trisha,Jeaffreson,6cmUKPvbVLnLtXuj7Eyqjdjy
,Customer,l9UjLApKRi9qMsAWP7g2OuGqYVS8H,Corty,Joannidi,LQQeknbTt4uhz9jUvv2sNDdTscH7o
,Customer,FDg5lSsmtbxkTmBO3MyJ6A,Allister,Savine,YaDoUYJQYmLtOdM65ERMbu
,Customer,X2kB8qvr,Allister,Emmatt,HO9eJPiG
,Customer,R2MSQBEaJYYNPSTCsXviLjAp,Lucky,Burges,C4KvT8H1BxzEEKF4nh30eUlR
,Customer,W6d3fpt9MwZ3yicQC68c,Jodi,Landre,LvBGkHnwQgp89muliFVd
,Customer,KDPculWhHSuk7SA,Valentia,Boocock,KsxD42I4cyrE4h9
,Customer,xzWvfii84CL3qpeBvq4duRwf,Malena,Azemar,TTRDkPtu0FFDOBO4YTzANxOk
,Customer,8ljBmGpi9ed,Kelcey,Durtnell,KSUD5xz5CD6
,Customer,lOa53Fc8Vfj280,Margaretta,Dael,FuTFj47SMDJyT3
,Customer,wlgNnaKzqn4Sgw0jdCWyuGCpLqqRgHc,Sabine,Gundry,ji09T6GzXCudHe9VEzM8KWjIUdmtZtz
,Customer,ccvhliOGsA2uoNEzHaF4c4Bil8Nw2j1,Dita,Avrahm,bt8HRR6Ycoo90qEIK0YRsBw02CGh55y
,Customer,YxTiK5goZvtl3VB7KQ,Kurtis,Washtell,ZLBq0wUzrCHOHTetzD
,Customer,eM15n8eSfTBNN,Myca,Mardoll,MWAsXHfv0HgcH
,Customer,Pv4PwwDquH07Hcnc4Rz,Nonie,Reffe,k1W9PRXmLeXDIKq5whv
,Customer,bdKuxtJ7XHVdkhnZtEwDufGr8Pw7cap,Dita,Brimble,2OWvMwXoMklrgfpNp2TEPMiP5ZfEHHm
,Customer,V7V5MKqUV5jdw,Jeniece,Mueller,0UYsyfDaPAPYh
,Customer,UzR6Cy0kE5ofh3MsCUQlamsozSXSRm,Jordan,Scraggs,eqHCDSl6g1Z4soaMdSee9zeJwmxvbc
,Customer,XC10vsauShWKbMJk00cP,Ollie,Brimble,ekjgs3T4FHddnCIzAH0x
,Customer,fpPqSsBLRk73VxYfkPueMuljG6,Kelcey,Washtell,ijJqQKKjw78rShG92uQHU8MsKr
,Customer,Ebv2wmAoMeqT46e4nbeC0,Valentia,Brunone,447hSWYT2A76uHapH4GCa
,Customer,PgcrnHZpeFhyrVefNx,Ramona,Jeaffreson,ITHErxbPtqAkhlenwb
,Customer,z5nGQ60RRH7KwHP7h,Bone,Jakel,NgJZnRQk1hWO5qRka
,Customer,w1jmYD4fZYv1bGG,Gerda,Laxon,hHnWGdkMJSjoRaR
,Customer,PsUsBKEJhsXTY9m7bQcMMwF,Marnie,McCallion,NUOQ39xgx560INQ4LzepHdu
,Customer,eB0wmhmqoVffgFo,Donelle,Beales,SvZ1qjgLSyGoDEu
,Customer,SIVaeT8ZKbRkYHEsQSzSAZwvwss6a,Agnese,Geely,jRjTqhCWI4xWssnyKHAZLh622w1R7
,Customer,gaGXBjDzzqlSdOiNhT1SQsE8hj8,Freddie,Duding,QcHOYnomE4szcf40U9MLftEVAf4
,Customer,WUXCxaOHYbijVh0,Reinwald,Tonkin,t6bRT28WJsPcPV0
,Customer,PUSFtOLVRdmRBZABGGUgl9zA3Pn,Sal,Tonry,LG43YK851TryvEiCMJHBFuO4Kal
,Customer,0RfGQTFZ2jKIrxYPAz,Kristy,Shedden,9BvzTB8LcWjkgukNZb
,Customer,XxdoikCr2NeOVwRtd6Y9k3COY2uG,Sabine,Washtell,iHlZSPM5piRu92xe7o3pnui3xTy9
,Customer,gF4dQWJlNU7LZd,Stephannie,Rabbage,G5W4HRm1TYvr0T
,Customer,gKX9eGT3RusheBZ5xGs,Salome,Brimble,UJCXdRpztmkrtmogWZT
,Customer,AkExayLGLCpKH,Rafa,Gundry,TWpU56FwTmJHL
,Customer,OyixGxqd3U5,Marquita,Ardling,NKlQVZL1XrA
,Customer,5iSPWetnQIXKK2gXhUIu54eMPX3q0s,Joey,Ardling,HGxhVh9oJUQxCALexf5GI4x6detsWW
,Customer,dqrYBojxMFPdYQaKHGJGaY7z,Dita,Van Dijk,yFpjQ73ocZpN408GRh4mYPxX
,Customer,GkoIqZYpt2jSMIFTQTBsebbiPk8,Allister,Salters,6eRdLPtxgzX4LfTFIO4y6VTcr6W
,Customer,jOpoNzt52HkyzBeEPD1gwpnwkwI,Dex,Duckering,eFiK0NQryGQckCe6fyah8ZPq59R
,Customer,N2MsByZoDuglLweKPkx8CWm,Ceil,Brunone,8yFEgCYdDqe8LxKCJD29xjI
,Customer,wUfqcNJiU3nZfgpV,Manny,Dominelli,R5fseCSYLVebCpNE
,Customer,VYarY3Oy,Gerda,Burges,HKUbKTtC
,Customer,CcZRVNP8stSewggsIC9ROGhSDL02q9,Malena,Frickey,6JtEcOtoBlzLv0SGBRuhFLSdaDwQ0U
,Customer,k9J5fUcF2,Ramona,Durtnell,W9YKGFkdU
,Customer,N3WCsSRTLQq5C1bszr,Osborne,Jakel,LSOF7tOcqFH1sPsD1u
,Customer,JTEWWWoUygiDpNjpnPLb0,Cecily,Missen,fPsj2IkRfo8OopGCGoR1T
,Customer,gtOYjOuOv9hdY6YLQOc,Truda,Frickey,1cjzpUYzLXMswwhsaeL
,Customer,HpVBeFB39zhRb4Ce,Nathalie,Reffe,mYQGyCiE6MmJbEU4
,Customer,MQQQooPf7,Marcile,Aldham,WQTga1bEe
,Customer,sGZwrAa1pvgODMH9R,Corty,Dael,KOThngIdFZnNcOBW1
,Customer,aJaz2EX6g9zMj11Fyc2DpLKUM6KlAS,Gearard,Bakhrushin,o3wa3xx1pyyc64rW6SYU4SGcCXiGkC
,Customer,VBswJC35PH4JkvWLad0xv0QKcGD4,Truda,Emmatt,3lxqkVofLjpGIehmewyoyBXm4rfy
,Customer,BsIBnOHQUGwFkhZg8HyRyArlermcQ,Melesa,Azemar,dwrs5yhqd9nqJMsK8YM3QIA67I8bS
,Customer,WBlbD8rWDYpGoUggtA2,Kat,Emmatt,N5OjMHlYcF2kWPYSRdI
,Customer,TjCBw7BcwVUPCH,Richart,Windibank,cqln0qkLWKR6I3
,Customer,xn8QE5vwSoXqbgg0I3UR9J,Richart,Frickey,Uu6yebTylPwkQwHIDs6W7G
,Customer,v32uE6DoU2xcb41uYYJxRz,Rafa,Tillyer,7m78tCPQVixm5HMevJ6y1K
,Customer,seENhtjgx22k5XIvw,Grata,Boocock,kKafe2J4NMbuRp5OO
,Customer,6H69GlFavXvPvg7g,Denny,Sayes,2GafplizpmIldzeI
,Customer,WVf8eePcIgCWWL8CnlgMb,Manny,Pirrie,k1WFPL9jc3ylH5DDgqabo
,Customer,tNs5S26QR,Bone,Munford,5bmZbqOuq
,Customer,gtLpcf0u3jTQlCHi2wA4hNIPycqC0y,Neron,Dominelli,4I5TgSi164yjVBA8jt99pmN7VNGhiQ
,Customer,nNWYhD7BXsZ6wnL4nrDuT9eBp,Marquita,Van Dijk,k7hNUZszpCtqtOka2qYGKdsqN
,Customer,CqUGuq5fMSuNqu5,Margaretta,McAuliffe,MKL5srJfZG3904D
,Customer,JlrZzLlfzuisrZhQc6eh,Marcile,Holligan,ymGftrXRVyxrLnqDHPAG
,Customer,s3knOZoo,Vale,Percifull,TH690tyO
,Customer,AS8I0ngWRsJX03ReKIK2C6UgN9V6yTb,Gerda,Killner,mLpTqx9vF3TEguQzJL5XazCYrGALkDp
,Customer,WwV89oJtJ5XXqdmU0UrrToK4S9fYcu,Matt,Brunone,aTe4gS25bntQomGlw7e9j3yLqj3AgB
,Customer,0o95ipY8omaf,Oberon,Corr,7yllBtctbnLh
,Customer,xB3aKTGXsbymXOFe6ekle98x8MZjof,Joey,Foulsham,O2vQkquWLY5jFfoHLYa1Q8QaCivtPd
,Customer,pAOEHQitoo4g44Junxmn98zn8G,Ramona,Younge,FTZNlGaV3W62bCAx3nwsEe3odJ
,Customer,N3scC0W83xbWtUnsTT,Sasha,Laxon,AffNV9YrYQ071ZwUCg
,Customer,D8ompeIL9CgFqkGCnPPvQljS,Jacenta,Missen,CfGaLNXBkJ8dwQOEDxZfkTZm
,Customer,ymfNgxEImvMc6E,Nathalie,Corr,SvafZK5LRQrKtF
,Customer,huVBCw5GT03otRI9LEVdNZ,Felizio,Elix,5xejL9mU00qaonXB5uGcvh
,Customer,PJdW5N1r06UuHz2sgm6CTeNBP8ZT16j,Clemmy,Killner,GY7X1pe5CQE4GLX0MDhKbmNqUDF4dAz
,Customer,pOg0q6cRWX,Shaylynn,Munnis,SOpxOPcPWf
,Customer,8UvCs9Rkl9R,Kat,Dewfall,QA8cM0Nujom
,Customer,hwYkJx0zDBEw11Pz9f55S8evnrk,Trisha,Burges,ZvkC8qBasLlEbcDia2Q1jg7IJua
,Customer,rslVFu8MBM,Torrence,Beceril,m9M3usAuOP
,Customer,D2mRqEBQIzu6G9WIvXavd8OGQUoy4,Malena,Emmatt,yvEFGwaeaGot5VWfeMcTd75eFzqqt
,Customer,KW9Wx1um,Lou,Dewfall,povdGthy
,Customer,UhCvHAz4A98EFDL6OjX,Agnese,Mayler,n7dkLf2qw70hOhpxKx1
,Customer,uj1ed13vW2Q3eKrPF1Jb,Moishe,Moxsom,tvL22mOhXQKvHhmy6uMm
,Customer,icYpxoD27REkMv,Carena,Beglin,Zenf9Mj5cMjtcT
,Customer,T0ghefZTCT4ohMBViORBNbyhRgoXew9,Kayne,McKinn,LBJcoNgz1ZH5hncoyB6v4d7TUu9dljm
,Customer,qUpKF6eqsMBpFb5IwN,Gearard,Foulsham,MhigRSMSND43GIB8en
,Customer,N1OyhL3L2DfBlO,Rosamund,Aldham,QnaDbP9EbJCWae
,Customer,bLpeUeiXGBj9VqSQF7BYLK,Kat,Elix,3wk2mzenhYCb3j4dupgWl6
,Customer,ej4Z1YR11neD08jVmVwuz2TvXFH,Yankee,Munford,m3ABvo9k1v7fbpC6czgALATuCoB
,Customer,G9EnjknspY8Jvg8hJfDAqdUD7ky4ET,Sabine,Percifull,8JjJ2kBjF29avLoHVgmAm4WE8Ie1Ql
,Customer,I3kI2D4dHna,Denny,Mynard,4RNxSvcxEdI
,Customer,Sta5hi4nGQyFyeDdgpYOBu8pV6divt,Kayne,Durtnell,YDqVDBFBArv6uSPV37WgPg9d9ydAXn
,Customer,ELh2X0Mp,Tracie,Frickey,NYHGc5FE
,Customer,NcPNGQLUcQ6aKI,Jeniece,Presser,1BBQodDzuxbZmE
,Customer,neChimRrSxeFiKYWxfIhszSZE,Osborne,Klimkin,FzVoFPuIYdHYOTNgGIKvwqXFb
,Customer,1coLsnpy6ZcO752OMQhL7ZcUZwVpUwT,Carena,Spalls,7C56WXXsogPVIM0BgSPfL4KRQ5nXU7T
,Customer,wGt0v1TAbtZyZ9y6iYC,Ernst,Tillyer,ZqODzwOHiAx9PVyBsiz
,Customer,sZFJH5Q9rfTAk1CWO4tFJVYTyjjcg,Reinwald,Beceril,joXHt2k6bqzkw08dw8xYEhXp17Vnd
,Customer,1oUgojqgZGsymn2BDBr,Rosamund,Younge,RZz1TAs6EFJU5hdz2Rm
,Customer,dKxIObL6E5ZbSC2s,Ollie,Regglar,rqgUjHH665wLrqwI
,Customer,LaLohJzU9hHvPVG4llEMt4yE2I,Trish,Panichelli,OQXmsKwK55MbAJjV7P5VuA7Nkt
,Customer,LOHaFnpUblWnmPy,Salomo,Gyorgy,9SurrUVpLLLdKis
,Customer,LgbMw8Z2FA,Melesa,Emerton,m2Ac34nOtR
,Customer,ClwchL0SY7FJL,Oberon,Beceril,eFJhnIDikwdq5
,Customer,1qVEV5JfVsFBLmnFe061E13T30AHR,Rafa,Giorgiutti,acOue4vTlA0kJ1u1BLhhPefiTDzYK
,Customer,5xpqew0HmFILv4Tp5Y,Tammie,Spalls,kYYhKpvwRl1CbuNA5t
,Customer,YjUHGXOtFYTjm9usfJWa2Migm0,Allister,Ardling,jP0lkwO8ojoofwPnQk1ZLSBJ6K
,Customer,8SZpHlekCOgTfIy,Grata,Killner,JMyvh0XnPMzk7Gv
,Customer,X6H6zWC5gBctr7gIgBVdjKEiH,Melesa,Dewfall,2wiWuwFuKo0Eer2vBdx2zciBf
,Customer,QcWQZm5sw400HFWrfTCwvxb,Lawton,Regglar,cfFpgfyG99OKAMkfEW6meOP
,Customer,9Wt8FmQU4ELywHtlDNm6g,Hillery,Tonkin,FL0ElNwTyaPvgBLccKjL3
,Customer,8nsQb9aA47xVo6lGZPkJjUYd,Vale,Goolding,XbGusdyQPWOpbJG48mV4gGIW
,Customer,7Ey84GEeGhKrxKEgLQIatG7Gqido,Myca,Azemar,BZl0FlK2OMeOKwlZXk8KKGLV8UlQ
,Customer,C5rkAOEkA,Bliss,Munford,AAc31TaDo
,Customer,DjFMLMDsXvXaWd,Melita,Emmatt,CctkP3d2OnI93K
,Customer,cW6tfxRgdCSmUwC5raWN,Osborne,Scraggs,SOSEFDS5VpTmhbUrEIcy
,Customer,AGzZXA3Jc2eKI0EZ3v,Manny,Dewfall,BiAwCEI8KvtzyEiUca
,Customer,jYD1lQr9D2t0rWEzLwdRnH4KQs,Rustin,Dewfall,kZ5dE3hC34xkxQPa15uAsCGswW
,Customer,T1lkVjVZMhfhZTBnct7DmTb91QSXXu,Clemmy,Jeaffreson,znPLmV76ccaFG0TIbvdWPdidWnWyyz
,Customer,wfEKn5Uycb8YOIetRWWVJl6mBV,Ernst,Azemar,QgtQ9MyLGWY2tH5vmVSslDOz21
,Customer,Mj7Ae5ZtRdaBj0csVTtfkkoYUCk,Kayne,Bakhrushin,Npw21iAYHICPW5edTz33wQxK1Qf
,Customer,YmOx4UjupMVUBSUjK,Nathalie,McCallion,TSvEPpLkbTVMa7Qmm
,Customer,B4mqBSDjIHOlME5kDCMetJjFmoi,Sasha,Dael,qhKrXu3nyb67HxvjS8vDZQzHJ6e
,Customer,qF6RwXvUBJOA,Lou,Gundry,WlJjQrGAlMBD
,Customer,65nf9zuj01LJenonDCd0Mgv65,Oberon,Munford,CzZ9bUSKzyRBEFNtiBCtxdT3t
,Customer,7eV761s8KiLuuGYvZXOXiwDAI,Rafa,Dominici,l2DI7BhCgc8eMSE1m26EtdHlb
,Customer,xKkAJp0qXwrVVa5n9Oy01SnJvaBQFks,Marcy,Beglin,9MZggykUY9UWztXaUX9wLr5sa29srPh
,Customer,xCR3ac26RD7wUNvDkKPUD,Moishe,Joannidi,Xz0F3kds98os6LXvHiZGA
,Customer,htJxB8iXC3oQ,Valentia,Rickman,x2h5ZYqs9XG1
,Customer,tppBkyeqRZem9JiWfZaX,Osborne,Elix,vyySg6y4WyUgrYfWYA7E
,Customer,UHUDUDYcLBL4VzydIPXIFynlSktdO,Jordan,Geely,94EaWT6u37tj54erJZ0sC0QOOqLiK
,Customer,RafCoC13RXQnxuNI,Hillery,Binion,HAQVyqIvFUHou6sA
,Customer,vSXG0nLnF8nyzKOlQ0fptHRMCkWWM,Valentia,Sayes,1iDftb3Lm14iu191QJYCDM6JDi2DC
,Customer,KxNZZb9VsU2UEbuspgcF,Allister,Durtnell,EKihdgCQI8VAw9AUf06d
,Customer,rlByep9FPx,Melesa,Paoloni,8pXi0IAxGM
,Customer,i3bBes9781fTxCj0Ds8,Dita,Bakhrushin,uPW6SUid0VLKHRp6PCf
,Customer,taFvlKRi2whhHvLCYWAM,Trisha,Azemar,YO5nJTaOI6Bx1DDeFLtr
,Customer,W4eLSSHpEmgJZ,Denny,Hector,6PUfm8IfORSb8
,Customer,cMlFoOu9BtQrHZtNQJFiB7oTKQQ,Corty,Emmatt,yGGFDR1s9Q0PFl1RXAeGLhfoSb6
,Customer,2cA5Xvh70MrANRkoiau4hdYlXXyG1Be,Rustin,De Morena,75jhhVdnbWQDqOjmvkZzNFd6sb0xWKs
,Customer,GowiDkRJ72Yvz1P9SJewtZWOwD4,Nathalie,Gundry,nzEsr8wk8I7Tef6WYH49GoBWFBr
,Customer,t8tk9Ojk,Melesa,Avrahm,d2lW2nvG
,Customer,YOooexl1hy6JU3LzEq0cR1E,Kurtis,Enderby,YwhEB4ii6ruEMUQZAwVw5O4
,Customer,UBk81nRa1NWmT,Deborah,Elix,lSc3CbUgVafyV
,Customer,6ZN4wmnZsa,Barn,Paoloni,ziMTY4oqfS
,Customer,G96VXCpzw,Terra,Hartus,lHLLczh5N
,Customer,zCMIwOyZWIAnAvX,Sasha,Washtell,6nKUrjHsyln8VvG
,Customer,nEs9F00t2m,Trish,Munford,6VvmNbTgm8
,Customer,JFgsIWL5UE3vz,Hillery,McKinn,6z9FMDOPh8o0O
,Customer,iPNbu0oUwK,Agnese,Frickey,e467MBEUfG
,Customer,GfFW0iHpttWVnPWi,Deborah,Castelletti,kvcWCoE34EUOrngf
,Customer,D2MDl3GbrbIDuYn4m4uWjRl,Jacenta,Ardling,DonPNVqqo4eRNYHvzj3otdG
,Customer,r5w7EQB02tEKB6Zzl9P0d,Osborne,Binion,Fuv2AdijXABlLoCVzjnuD
,Customer,lgigJch5n,Lou,Presser,qtBOUE9so
,Customer,qpKfUyDrhfwO5gFK1kJbkJ55A,Rolf,Laxon,Rzlwh9DIaGApFpjcizELW4QP2
,Customer,yAu9aUj4rj75eY8awlujL,Carena,Jeaffreson,RD6pHqZ6xLrNGiLI1GO9d
,Customer,fxdU0DVV18aQ7SCoY35yAX8H0jRRl5,Nadean,Mardoll,8RHdA0vDLsX5IvECamOAWwURKlHMsw
,Customer,T87ZZeFga6U58n7I6TuAqY7RUMa,Jerry,Gyorgy,jvWSZbpDIKdmVyzKU4GoOHEgp9R
,Customer,4RNNYLFAxGyjLxNIhFegEa2Hc,Lou,Gundry,o4IN5RfbH6Ywk9YlHwrKssrC2
,Customer,D4SP5Ee46xVx,Rafa,Spawell,898csyWZEQ6i
,Customer,0SaX485YJzeQkl1Ao43pXtn8f,Dita,Tonkin,O1xFJietdg5NiGnaYHubmRe7j
,Customer,HqJSq7fZMSkbjL,Dita,Windibank,RFswROwzndpJko
,Customer,9YCV7GzZ4ftCnumV7lPWWi96,Agnese,Salters,iEqdYt8qpS3zYpxbqzhRBJWO
,Customer,ed3hIBA5Ixk,Vale,Foulsham,kXGemtqjKpU
,Customer,duoYDUMloYJX8tzvOI5mUf,Nadean,Jeaffreson,MQLqkrpFtLtwR3acfv8vTc
,Customer,dclrZREPD,Sasha,Brimble,MG7DomCNS
,Customer,WM2dAV35N6Xgosu4TJEj,Dex,Washtell,eutdUN14Hbjm4UQ0Jwhv
,Customer,mq1vpvrOf33hcf,Kurtis,McGuinley,LjfOFnUH2gmIxi
,Customer,Jve2Jby0QFCzljPt,Rosanne,Binion,ZuxAS84whH7W8D9H
,Customer,KAP80h3Oc0Wzxcm,Trever,McKinn,c5UY2rrnvf5fDRG
,Customer,ThEjC9cZyDVc6XhE5Bqp47Qn3,Trisha,Tonry,uwdMjeCclUPCxDaE7ARxZ0VJE
,Customer,unqKjFuw4aOt5s,Jerry,Scraggs,zpzvUrXtzRQ2CC
,Customer,wz601VqXfoFRN2Gj23WBAl8qS,Freddie,Boocock,csSgWmAYadgTU9oUvU7tAknr3
,Customer,ihulT9IV0Ugq5Mgohf7,Marquita,Foulsham,PSqg6UOkZBHH1tksgWd
,Customer,9lCxh6l8V2l,Rustin,Enderby,5k5gUCywVwz
,Customer,Kzd33hRvXHV8QoxqJ4bSr,Gerda,Joannidi,kPW9ZMG9efs1cRzCee1dt
,Customer,j0D0mpCj,Manny,Beales,avYRGAC1
,Customer,rRHygki4b7rNT26fUkf6Haa2CM4a,Shay,Jeaffreson,e4O4nu8EiWb864IpMzjI4jwPjVdR
,Customer,5rFrvUHuEHuQowuNfWh6Io6BgW,Marnie,Munnis,y32F16q59zhgzglxXQlwMgeMsC
,Customer,FbHk9WNQPi,Johnny,Mettetal,IKVpaMseSe
,Customer,yfTUfmoBj68lF,Terra,Castelletti,RIG70AHfvOfHR
,Customer,AvRjeq6DS3BM6eOBc1f78CFibqu,Marcy,Savine,r4A6LyHtJa5ft29a7tv75Id1buh
,Customer,YbwN9j8A5RVtldlU9EX,Clemmy,Durtnell,02JcfXWX6KWs3WEvZSs
,Customer,Aj8PFwyrnV27zbfdSWGC,Ceil,Giorgiutti,sQXkGkZdDGJTK388VNQ9
,Customer,0qIq3C1JP6zvz,Cornie,Shirland,trYjjypGCAOwe
,Customer,3vc4BH1EnXurJ8HsOa6,Agnese,Duding,T4GXH1IURKw8DqxHfBk
,Customer,zH5AsEKEm,Natividad,Geely,80vA8zyeH
,Customer,QyJzEgRBhis2bCJlUgpQ78PNrF,Rolf,Boocock,kN6crMW9CjsitP4Tzr6Q4Kaluz
,Customer,ojcm8AV8YtxgMd2Rr1R1udlq,Allister,Bakhrushin,7A0Ul7qqXW1dliJY2REGmikB
,Customer,UjNhNXmIZ,Almeta,Van Dijk,pgFli6BOh
,Customer,3W0Ef2E5fllOagmx8xAse,Tammie,Mettetal,VaRkU8vMqEpaKeFPD0MtQ
,Customer,Log25qyPUvgf2lDq,Malena,Panichelli,Mo47LUaujEMIvxqL
,Customer,SZsuxIOK,Grata,Roubottom,bRctnnvB
,Customer,sUcAAeHl,Salome,Regglar,G7G2UVlf
,Customer,clm2xGdjqk6pnfx7tnP,Jordan,Bitterton,cDHIkP8ClQ7l7lbG9cC
,Customer,b4FlRmmQr5dds7gqdqFxkfdFSkzYN,Jacenta,Hartus,DH3YyYphy3NSBWPRNQ3IxWQk1oE9c
,Customer,qIUFKU7sih6q65dCAtI64,Shaylynn,Beglin,4YBzSOe1aMbeU4Ikc2590
,Customer,2YnKe1oTmcO4JITTHfrh8sUS2u,Marcy,Flegg,8AnJX48BClGlkuDdwvhs1tjiVR
,Customer,uD0WU1hAX8EBEVBE2ZqhlxUxJ2Lhd,Neron,Isenor,5ZxKhtAerOeIIbfacvv2k92AN7C29
,Customer,GKhipqY1snmYRjtbxT77B4l0,Richart,Shedden,ka9rU90xZ5VVKsBRsKL912JB
,Customer,a8Q3T4vWE5Ts37E45P45a,Kristy,Beales,yzmcBxKbNTtyTITewAzSF
,Customer,R05bFeAqZJReDN,Marcy,McAuliffe,4jPWeW6ibWrHhu
,Customer,PtjXlhpYhM,Trever,Mueller,5KM3epdQJM
,Customer,oOJYbssgT56,Boniface,Gun,qT1lFGny993
,Customer,9kcdmQI9xA6eBCIRWEpePpy,Jodi,Beglin,fYSJdNtYShtJ3YrdOfNdbK3
,Customer,pWrn5nTies,Manny,Hansman,iLWZ61ykgI
,Customer,FzV6GrMYTHqu4OoTrbCgrCIdt51,Lucky,Holligan,1ucdPjaJPrczJpWPAjMvy68sLha
,Customer,VsmiWwRGatq7SdhjZb6XcFi,Moishe,Pirrie,VRklSauAhYjWHgybAgV0DJ0
,Customer,Hl2aNt4p9Ne9bJ5K35q0mQmn,Margaretta,Azemar,HDiabbXaNSREHln0S90xAD8c
,Customer,K0nDghqTdSAK00gh4ktstS3gtT,Clim,Hector,V71YpNsGN0dgQS0CpG9p7mTiqa
,Customer,zAVtnU9NGG50i,Marcile,Stearley,1VdyiOuSGrZIv
,Customer,Ce5Xrn8Q7DNu,Gearard,Boatman,HWgXLRsEfmlm
,Customer,BcTbCrFzPCORWOLEhgrUcXT,Christoper,Spawell,U57T4xgV3rVd1QkewUFA1Dx
,Customer,TwwpgjcjCIDyJmRRUkc8mFn8Yc1ju9,Osborne,Frickey,fybmjNUNeYpNCg6YSww2VobsGWQu44
,Customer,Vn4rQHs0hVqrV,Rustin,Stearley,D8uZYIohKCb5L
,Customer,3RjRutjm1hRiPncmZmNTj73fjI1TAjU,Nadean,Mueller,CU2ykLYPTGALrnnPTuO8ocDGPa63AAi
,Customer,eMewJ8FbPTQtZ0,Nadean,Gyorgy,HhTvv7e2khRYQO
,Customer,DbfpJWl4,Ramona,Holligan,hcpsSTu9
,Customer,ulDT2joGoQl7OB7lb3FLtDp7Kbe4,Bone,Gun,3DFvXRjCyRi473SCZnErPDwhobKw
,Customer,oxVVQ9kbeYu,Kurtis,Bointon,monFrfw7Jwj
,Customer,yp3VPA1paWGEmN,Jordan,Roubottom,VeLCRXT0Dn7skg
,Customer,CCzBPXao17JvH279,Grata,Rickman,XkU5NS9K7vp36Q99
,Customer,ZCKDfkkwrs3xjQIWPhfhDB,Vale,Percifull,SxGElNaDJTTbt35gA3XND1
,Customer,eantMU4uNUbXMymBvQ,Marnie,Spalls,OfZ48mWzKFqQjhnGsm
,Customer,HOsrt97tD5h,Tommy,Varian,dG5SgdEJdKx
,Customer,cPmiwsPHf2pM2Fj9,Deborah,Mardoll,UOsNHJPO3BoV1HSZ
,Customer,Xx6pUABTpwT6PhAK,Ernst,Bakhrushin,AVETRRmxt26PVpnp
,Customer,2gYlV5zI00dRJ2BU3TEdXcNkDgF,Rafa,McCallion,EJLbTb2CMAktp07X8ZU7VGggaWp
,Customer,o4PNM3FEA32DQPljJJQ,Terra,Paoloni,xoIKNMxQrX5Imc3uLao
,Customer,WPhXpBAwKAmLPZsEy5C7gqlSNC,Melesa,Geely,sd8ISAjv6X9K1dkfqPDfWaEFTQ
,Customer,8WpOK0DDRQz7,Barn,Dael,pNLNdyHUZjdr
,Customer,6lA44Ii4SKUgvbo5LcS3yVNdjii,Almeta,Hansman,2oAsB34gHxYPQxpAazm647cb7xz
,Customer,LtzTOpci6ImU7yT2BS,Jordan,Foulsham,gOjPsRzaLNyEFZv95c
,Customer,ucoRuhk6hCY2uMSV0Q,Bone,Mueller,t4dgHnosaTQJZWNNtr
,Customer,innYHnGv1y5ltVkXmU0T,Oberon,Roubottom,Og5nAC54AFr9hcr6zRhQ
,Customer,eCvVFWfntfYPtZ1wXR4w,Malena,Haslewood,TbRNUpKEVN6ecV3lsfOE
,Customer,VFFYwLvI,Malena,Rabbage,FMJrwSXn
,Customer,YtjA3ee5YPg,Stephannie,Bakhrushin,qFhCYBELgiu
,Customer,DM7DrxnV,Marquita,Jakel,StWjMTs8
,Customer,6oHPDs3A4E59uHQye0H2E9xw,Clim,Goghin,EBETat1meyObZD8uTnccQl48
,Customer,arEx9Dn7TJp6lq8x,Donelle,Boatman,tyo8WaaauYJbXUEN
,Customer,ayX4panWbqSEtG61wk9n8vKl2n,Nanny,Landre,8BVxWM6BiskqIPOiq5DWsd6nVl
,Customer,yyCgBcSGcnJD,Clemmy,Foulsham,xHJDfoDgRMFV
,Customer,NuN2cnwPt18X,Ramona,Iacoviello,baZAAdHeVcIx
,Customer,k4ktniFeVhjmBnqA,Jacenta,Mardoll,PUYSNXchglja4Vot
,Customer,Q5AG54tHxJxxSHJwMMLFDM,Jordan,Jakel,qk66vCRfSOY3OL2m2npNBW
,Customer,QPsYaAHiTOP3kQvuPiOfYi1rD2s6TA,Arch,Hansman,TisII4KWodrdF1SkTdzb5LKqenKty1
,Customer,2i54PUkRhR7FZ,Donelle,Younge,Uqrext3ocHQDs
,Customer,olVPYsIScD42,Reinwald,Jeaffreson,uXLjP0VCCnWd
,Customer,DyZOZLj4ndrtQc,Grata,Savine,ihzVOkvnRdKwiH
,Customer,6LbsiKr6Qd2mofjdKnFlk9kg,Ernst,Beceril,JLbRFspvpzqGGvXEkBwBdRsj
,Customer,rrYkQKufTT6e5B240otICHjGFALa4Kq,Almeta,Panichelli,9TnP8xZOS4AhokRhnFdxAGdu4z22eZZ
,Customer,dPQuu6gfipYDyH9l,Ollie,De Morena,WeoXqRL63wJEK5zw
,Customer,MtnInYu98y5rTt4NOlw3GNwPhsj,Hillery,Byer,p4RwXqymC3QzF0Drv2ypRItOnGD
,Customer,EM3QJilPKmApGZi5H,Nadean,Foulsham,G8Oa5JPfGnZOXZduO
,Customer,UKEr8H4RDqSif,Sabine,Foulsham,uI7L60FiCFKMl
,Customer,UcWWsQKEgnhOnKboa02,Salome,McKinn,eJImMfwHSax3DDmWoBe
,Customer,2zJdRdw6w7ORSR,Anson,Klimkin,6YtMAqPPyHCPjb
,Customer,xNUf3BxsPg1W4Veaoef2GHFh5i9ZkDD,Margaretta,McCallion,m0LbN3IMizKnCxDy5TeP6u1KBnWBXpk
,Customer,41ByG9cZK,Anson,Jakel,lT2eDD2sI
,Customer,JUWyC93O,Grata,McCallion,AGS5FgSJ
,Customer,1LWCcSjyuh,Jayson,Munford,t3FSlg5bhr
,Customer,hjltxyAJR,Kelcey,McAuliffe,JmFZLDduZ
,Customer,hbXy5PH2bjnP,Ollie,Burges,B4ceNZhsh5NY
,Customer,imHorrR1qF2T7b,Trisha,Dewfall,hsLPEARfJpTVSB
,Customer,zH9Hn2wBmCk6sGqhsfJV,Freddie,Azemar,nOsc8IXHTD7yxcFUQqGm
,Customer,HkM1ytqKC,Helga,Percifull,2CCt6CMNb
,Customer,uc98V1eA5Y7Bj2fiKtb6KAjCvFZlsUg,Nanny,Pendleberry,T70t2IPKkzZL7ZuhPHGKJpkg6fE0Tsh
,Customer,JaItOHyZkKMjaLtFSYjTfX,Marcy,Boatman,PqMhOJgTVFEmwzFr9YM4mA
,Customer,h9iYEKnAEJHZnnAYtHLnyBIXCyDcBr,Agnese,McAuliffe,z3ifzG0JPXeBxbWzhRplqv4UHIf3Kd
,Customer,VNjFIVAd,Stephannie,Stearley,4Hvf8iZp
,Customer,vYgIjYr7,Melita,Jeaffreson,c1pUtyGX
,Customer,UvZxk7VFu,Denny,MacDearmid,MNyS8mJSL
,Customer,lRVFcpVpJnsarVA8xMZEvNq5f6n,Barn,Isenor,pCHdukF1RMOllbYZsM2PAhlrIqY
,Customer,r4GKnN7tIH9R,Terra,Boocock,L5auXhEgm6CX
,Customer,utnrBeEZYfdzv,Ramona,Iacoviello,L2TtL7FpeJTa1
,Customer,rc3pHEXYZ2yKsSsIUJiZr1RFh,Melesa,Holligan,LIba0sporcfS4hOITK6jgiJmj
,Customer,fdWnxMZ3MbkCFwR,Deborah,Regglar,oMw9vsxxPqQm1mh
,Customer,71dH2h0C6rH27xyugcrGw0JZtITb2AU,Richart,Flegg,pdb7FvN0wlIxdvWDzgbnr1j6Cr7lhBV
,Customer,RjW7wDi0hrUcWAUoc,Kat,Gun,UHJOhabF2wkMT1KDl
,Customer,P3yoEHDoz3qjuPq02ZsYvsBHEkB,Natividad,Emmatt,RVitAbh3byMrIc9BoSSacJ9o2sp
,Customer,I5VTCM38Ky,Marquita,Castelletti,eKU6efWXVU
,Customer,CDTySfAhBWDXmknmuoK5wnrC,Tammie,Geely,9GZlaCQ6bZcxbaJXqYgnlkK6
,Customer,Fj9FLBX2ZRlzpWCz16SOtwr9d1gH8fk,Carena,Jeaffreson,b6AyMpJzyNB9PfmiyL2dSeoq6wH3Ale
,Customer,CKrfPgM7V7niP,Arch,Shirland,35JpjSBTRqDWz
,Customer,QpnRziaJn0,Myca,Brunone,kCPtyGojy7
,Customer,h5HpWj2FudiV7443GjoeWcxkA8J,Margaretta,Jeaffreson,RIB8gtuBfv4yfoFNAAniquXQu0P
,Customer,xg8ElyAsYnByABhkGAWNh,Salomo,Varian,AiJtwvJodp4Amob2nSQCr
,Customer,HAT3wATdmNOP13HWePLxP,Ramona,Mynard,WHORoyUyq5yXAaYVyzyye
,Customer,b0ST6uFHQHXntb5NAzaSP,Marcile,Presser,32F4DzQGvVJcTCs3QpW0H
,Customer,r8CNz9LiV2oDURRiK3X03zcF,Kayne,Durtnell,qW2nBhstIKhdS3W2zCCQcFuH
,Customer,KNvXd6KBPG3UU1b,Clim,Goolding,YFr7MzMnnBIoZJ8
,Customer,WQoNRsLkdwfrHKOhlGZp3,Oberon,Elix,be3gDUcEwJYkdOisL2Hj6
,Customer,y7wcgGHNZyJ,Manny,Windibank,M1VgLTAkZRQ
,Customer,qEVCQ2kFBI5m,Osborne,Beales,WIu0SMWPK1S9
,Customer,MTT5bflsgEIIY3GAqFaCmY,Marquita,Savine,6tVlFrfZKK7VZUFRaLwOmu
,Customer,5agKHavi0jW6Uo9ZtaHvjdDEy3d4LR,Felizio,Missen,pegZEpiMrmXXRIbHy58Y683zhhOdf1
,Customer,c7Y45JQ7mGtNzP0i9,Denny,Emerton,h8UYbZgkkYCbC96WE
,Customer,dV0s6eOiaAGRIxi5YIfasZtgNt9,Shalne,Gyorgy,vzugz80gWvEfIamCZvLJiSPxX4M
,Customer,yaI8HmBxWp,Tracie,Pendleberry,E3uHYB5l8W
,Customer,XEuMWovLP56y14ZMto,Kat,Dominici,2xERLhBHeDpMwFkPtY
,Customer,sxsF0BJzbMuQxGOdoSyoDRGZdOvlXe,Malena,Gyorgy,wzQDd71B91m1F4ggPupdy9gwyn8Vm5
,Customer,dQ6aCRQai8YM9XODvv,Grata,Brimble,AZzG02z9XPYkkFDJQ5
,Customer,TsAVy2fZ3n0tP5,Kayne,Laxon,uJsqVfXRMEQ8Hv
,Customer,5X0EkRFIiWJtLVkKt,Dita,Tillyer,jZgI0UdInQf1ysY1a
,Customer,Iq8KXFTSvkLkFBFqxwp,Donelle,Giorgiutti,eLXY9yUneuq8MgLHAML
,Customer,2YJS4u7pK1867,Rosanne,Tonry,TcOrQ3b7q2wyq
,Customer,6hO6FviSEhcV4nIgq5wxsFtZZchqL0m,Denny,Moxsom,NmhPBwhryOmjjg4dTtxKW1AHpeJ3w6n
,Customer,drW0oRXRjitayIV,Clemmy,Tonry,WrARSUTj7joSGtH
,Customer,9yBR4ZLzKv81iKvpKrqj,Oberon,Goghin,zCg79wtFiBpOzb4s8EL0
,Customer,3u82eoto39VDI,Matt,Jeannenet,HE8Pukc6EkRcK
,Customer,FuNkjOyz8BxWUADaDCFLWj5,Marnie,Moxsom,koqiRJipgKQKvbtgxoGPW3y
,Customer,uxINM5KS1MgZmG27IYzM,Rosanne,Moxsom,72rG4Tf93C3b4QW3wiWo
,Customer,LQIhIAfGgeLkrqBXh,Ernst,Holligan,qPO9BsUwvp33hmRK6
,Customer,fG7GKfFw93U,Melita,Presser,MZko3Nvruz2
,Customer,m6qy7Dot8g7rm9T8o,Bliss,Beglin,SvqXoVaWdaiSt1psW
,Customer,bVfgiFVdKzG9wR3,Tracie,Goghin,d3nqpx3TqMUMTEh
,Customer,Q8tFcTBAc08U1yH2y8P,Christoph,Dael,soqn02awoZ5zhBav7am
,Customer,6nqNTHQhZNy7kXphYDIYTVTo,Jacenta,Bitterton,qaDEfRW6rjIXWt1gK4eXrpQ4
,Customer,7dWz5HtLeMHFFiEBGi,Richart,McAuliffe,y02sdyob8EjG8m71kz
,Customer,XkVGikagZSKatKmKkyW,Bone,Joannidi,7VuNeJZAWOxPkVx20eX
,Customer,kmQHu9KmCzc13QrsWLp,Barn,De Morena,Adek28pAMASYIfJqRtv
,Customer,sp58mPqou,Natividad,Burges,WCkonGl6k
,Customer,jpB4ENe7Lw8Vz4AFAxe3Sow3,Sabine,Gyorgy,iNnTJHEznkC0ImZaoIOl0DT2
,Customer,D1CvvKWaaNWTYKihUND3p,Sal,Avrahm,bNhziQjUjkHfh51ckmETG
,Customer,Tq8iCeVHr4WYeC0mT7ADzPX1Q,Marnie,Duckering,eMRiUCGMk7kRlS46tfd0gKmXz
,Customer,O8dYTLj8lxxL8YQwy4KSFWqrEyRlol,Shaylynn,Burges,063s4zxkmieVrqCfc36oLzF9aSjEpE
,Customer,3ojy4FRf6wWlrYKQxvmY,Ceil,Hartus,tb0LlkJrQN7t6vrBFiBZ
,Customer,0MkcSaKb1rZjhTMH9P,Kelcey,Brimble,MQKU1nRQodZVdoOHMm
,Customer,6Qn1Xso2yQHLT3ddOwdmJRDIXRa,Shaylynn,Jeaffreson,cqbHO964Sl7jImt0iwFY1CcptWP
,Customer,cbTaODEY,Clim,Geely,PcKbxBxy
,Customer,AJHAWWQoxtZJP,Kurtis,Burges,iVPlBsFULfSud
,Customer,XUpQySX7mCSQ11z1aBuU4Wa,Trish,Stearley,feHwtX15wovx7ugQVdF0L4k
,Customer,gvGktiC6Zp,Vale,Hector,3vAIEIzGpB
,Customer,cB3J6bH5t,Marcile,Tonkin,nCCILXgSp
,Customer,rtTlCSfQTwgJAR37kmkXxYHU,Joey,Washtell,kKIE0lZYrCSkZYsw5tjOGf8V
,Customer,FkGE8wc7N2BkF9WtzoFpS,Bliss,Dael,o8ioY2hEhxDnE89uUhPqp
,Customer,JSajdPgh3GKqnqXPrjCkxg,Sal,Emerton,CA0sdkowzt0gnCZwlukmZ2
,Customer,kCSLQuPYPJSgOT,Shay,Stearley,8IObgMQ5CI3pXA
,Customer,z8hBtCbQWMQ89sC2y,Salomo,Boocock,iVBU7C0nfRUjhHeYw
,Customer,Gmwnxv00hjbs2sNTSamN99howYLNDkN,Lawton,Brimble,JcnLSkv4Cr0HFiZckt1zvNQahCvYdxt
,Customer,Y4fBUHH6BI6qMuccqXPe1H0m,Jodi,Iacoviello,zr4iaPthTNSLQA7HKDRhVJYb
,Customer,WMx6SHrWY6zpNhQxNkYY,Anson,Dael,Qi956Hdx9jT1rkcxD7ZH
,Customer,a0STbo2ycwzr9dSaZPVfAECNnd0Cb,Manny,Gundry,sx0I5Hr5yAaL8BpCwVwcmbeTcwyv0
,Customer,oRsUFC523wuDPRRMwX7gi4,Myca,Savine,8KuiBWIz7nUOKmkylzq2sR
,Customer,ijiamje0U0,Matt,Elix,tRxglnWPVh
,Customer,cBTg9MW3ZU8ujbp7Dd7gfTp16O,Agnese,McCallion,kL2Tf6asULhKsT2VU6kQhWyQMK
,Customer,38sSr8gb,Stephannie,Azemar,vp0oW3si
,Customer,UUTjQgNnB0Gviff9W6q5EjySg5z,Salomo,Duding,OYhxkbS4GmfWmO1Zui7vwTMvFDC
,Customer,IIl305fbDN5Q8RHE5TxTbcD61DHGu,Marcile,Holligan,tBQQFpuUqHu0pvnuQRAcU6HDdR9Sg
,Customer,hZygk1J7lYkd8xl5ACmFJBd8DrcjZXY,Corty,Enderby,GjCZ1X9gRpZFB5d3WSshfqLcZScu7c1
,Customer,l0Nn7WBbY1tsz2DCL9pI,Deborah,De Morena,0jToTWI3qIfPN9glMjGc
,Customer,s9h4MMdK,Deborah,Younge,AJ2Pb6qi
,Customer,zIkrbRxpOBYII2sjgbc4cvqaLSvOP9,Kat,MacDearmid,tn3bc3AOoKanVoE2lgTDfaD7agMMSw
,Customer,izA88Fu3EtCX5IQiDSWjyxttr5M,Clim,Geely,QJ8f2D63yE2zs6w7fHVaXlGXtN3
,Customer,FPR20CCeytFm,Marnie,Tonry,mFfqR5rWTaIj
,Customer,bCS2TntOzb1,Dex,Binion,Ddp1gGBT1kb
,Customer,UE1XRXnFCY1gsFRSNNWzd,Corty,MacDearmid,w9elN9CQUJoWk18y5ZD3P
,Customer,HvD8b3ugQOPbZih5cAVJ9,Felizio,Beceril,ofeLwUhs3ySL0lD1tqss4
,Customer,EWnXVckCAaHhWKvBZ3O,Salomo,Dael,4tdlMoT31yfwgy9UnAQ
,Customer,ZXCt8iABVyfXjx7dUVDpCFR,Sal,Dominici,PKqcIFwkV8qy5aYxHKrEJZ9
,Customer,JxKAYfggip58WKrCsHbQJLv,Trever,Duding,HHcVQ2V3DFxQ6dNd88gCr9c
,Customer,JxM8sJ4RHMKGoqp2fvzA6v17WYUx8L,Vale,Beales,ucOu9VRVV85UlgTln7FZGwo4rQ7Kvk
,Customer,ZbWbfvmpBAnS,Helga,Reffe,7O324rGw00Fk
,Customer,aUcxNNlvSLkPcIo9df0N,Terra,Regglar,o0VPk9YrZ2enpLHJWJUB
,Customer,hRicV68rdj690zWE,Shalne,Gyorgy,1Coqc94cBfGXX1j3
,Customer,Wfiwx0zJZtO2fLfJroTv2P28S,Lothario,Davisson,pkZvlvRqJu9S0IcNvpfOqsmbP
,Customer,xgYecJy4ARyINzoBDUqMJtVEq,Freddie,Roubottom,w6BaIP7GC0CZLBbRo5OIRBf09
,Customer,kE2rfFm9YqeCd,Lawton,Killner,6ED3IqF1NQgX1
,Customer,N4HinGEUoPa4UXZASxb1gMhYjwmc,Allister,Mynard,1hMX78vvx4g02F2Fr04YgMwQplAg
,Customer,M8M3IZpjpUXd1QmR,Natividad,Enderby,Zlpo3TB48X1JL28v
,Customer,9CzMVbTGTQbd,Helga,Bitterton,ODJi62eTnlll
,Customer,0tGRJzeJzmJT,Boniface,Beglin,yBMbI9mOd8AB
,Customer,eAo2Hkvb9DWbKsRHWczuACRyKryc,Shalne,Avrahm,YFMZpcIm5qpvj6z49pjAZ3hilutX
,Customer,ahcT0Bk3VfEhJKpoKpAx634GZH3,Donelle,Beceril,XumK1wJg5xlQxPRBNAsY94b1M8B
,Customer,D986iXt7j52MouU6aJd,Grata,Hansman,jm7t6SGq5eHhgGnjpyz
,Customer,BStn1pFsTwGoUn9jSqM8,Agnese,Elix,ssb9mTAoA2xPT1POpJEj
,Customer,KUaZXLEmxXEzsfrK,Nonie,Van Dijk,W1FBSgpW5tIa7sxE
,Customer,KkzldmXNn,Jerry,Dominelli,uEmsoREum
,Customer,dsO3gkdGER,Stephannie,Rabbage,e4HrkcEYuV
,Customer,3igLtKttXgcj9nJRNNzJbdivA,Shalne,Iacoviello,AXSmPPyAXQfMIOvX5TdSODHVi
,Customer,5ebUZ8gnJGgF3U0L,Kurtis,Reffe,kw5Scp2MRRWPXjXG
,Customer,JGnPL0GGxdEkqa,Tommy,Varian,wzqh69wGeWnQ9w
,Customer,73695IJNrOQbbGHWbUoBbWWs8Suq,Yankee,Hansman,9RpA19RFssQEgIHGhksIk7sepAAv
,Customer,Bj9Da7SO,Carena,Shedden,2LUm0Ii3
,Customer,fjc9zl6Tw8WC,Rafa,McAuliffe,GMm4NWXOZ9vt
,Customer,cZx0N6XK5Us74wCGxy3WNa8eI,Kurtis,Mardoll,kbGw9EpvyWwRGMW6bdeFoWq1O
,Customer,igokIxBuc3LpmD7EYMP,Barn,Varian,fQ78V66V2LI3EgaVxMW
,Customer,u4KjjdapVcCfddHjS523WO,Marnie,Dael,2rBQxJlDjpC3CTE021SI8n
,Customer,NSvB17tJsFdxPQBq1Hhw,Salome,Dael,PGWlRquczUfvxoUS0toO
,Customer,L3q6sG4dgGYrl,Christoper,Jakel,5MNutQZRLE9Pn
,Customer,Hkv8Z8aB695A,Christoph,Brunone,utv3Wiolaxiz
,Customer,v01SwNU0mgR,Torrence,Landre,94M39I6k44D
,Customer,G8Qx6k0h7DBssv0GNUAVk3a1514hToN,Deborah,Bitterton,NzKu7tQCO3OwUwc1fXnPeyA9xkLkOKc
,Customer,FmeSO7YCQ,Nonnah,Brimble,KNC3Fx6wR
,Customer,BMT0tGdshhiXtv,Sal,Panichelli,1kw4yF2vG1k6av
,Customer,vxAt8qQa7tEt,Corty,Hansman,qooY8tOdlJda
,Customer,8qN9fl4WPu8EuhDO2h9MON5DH65V70,Deborah,Mardoll,EDtqYppXVXpMp8ecAmLRASNfCfKEoe
,Customer,YxT94evmSH7YTqmkeDwfCxNgsdkAvUR,Kat,Jeannenet,vygHSEyUBPSwLgPyexz06ggEl3BsYz8
,Customer,FId5wGRSB3ntWpLqc0Ab,Ramona,McCallion,czL6AQcijDy2O5QZJJW9
,Customer,W6HFHwWDhOs5CAEMM8mNlKwr9xXh7,Allister,Tonry,S6s2TP4IWmj7IzqigBHYH4qZYtodm
,Customer,Kzy7Jf52rBzqDtxYGS05mmiBQ3e0,Clemmy,Isenor,TOQ2WTe0QduUWCOZShdFLAjdY6cl
,Customer,NTRO1ddMjo2JNq2VEmBE,Marcy,Panichelli,ek5YGVIYU30RQQWsbJU7
,Customer,3kNw2fES35DqGvLmNFjH1tEMa9TI,Corty,Mettetal,QTeQZvvqjpWtIEFtkRZutkrTPFI8
,Customer,vnweZiiEiqSO3Y,Torrence,Foulsham,10jAZAUnLMfmKk
,Customer,u6b6FqwM9,Boniface,Emerton,BBEnNF0C7
,Customer,iYz1hRD5yqGb1xTqX8S,Jodi,Presser,6WFJhwtkEIhIU6E4WCr
,Customer,iiWgzc5b,Johnny,Aldham,6QPu4BVI
,Customer,pAluNURQ,Salomo,Mynard,w2AjM8LR
,Customer,8XUTpNfMJ,Sal,Mardoll,8JzrBzuT2
,Customer,QbAsyfQPHAP,Sal,Rickman,XAjEAU63BNQ
,Customer,QxQ8jTifM0AJLGUpF,Helga,Washtell,vlUovQunJiQ2gX35G
,Customer,FCjf7GNhoRHeZeoI4CQteUNdyre,Bliss,Binion,QevcLXESWLY6G9Km36F5pFTMzOU
,Customer,gKUwWnNcOIsl,Marcile,Joannidi,K1CVVOmHRBYU
,Customer,SIU36LV7wGEUJTHR4DgUmL,Kayne,Gyorgy,fwpwC7WbVkqRxQ95e64BgT
,Customer,o5XGpohEAI8nMmjtjRFceyQTM43ISS,Ramona,Durtnell,MXzIqAmlu6dl5OtN1bb1uqGDeQlLRk
,Customer,Ql0yt8ML4Dur,Salomo,Stearley,tmGYEM4jDcbP
,Customer,0jeBBJ4lW7m5ucW28fwQ5SFX7GgCD,Kat,Hansman,0PUaHMoQLj7apbhUermAMFkQjmYun
,Customer,uMJLMsf8EgYFzGVJQnr0K7La6kPV,Rosanne,McAuliffe,gQGPC0B83wTzmjsLeWv49wZAGm5x
,Customer,o1jDzq0pFNz1IX5lH,Janetta,Hartus,IZvwpBz53ocQB9dnl
,Customer,sQCmEutUInL06PjJFbj,Nonnah,Tonry,Bs5bv4zOVIkbw1ZPjuP
,Customer,0b7kEXtLd4K,Melita,Goolding,GyU2SpTmpK2
,Customer,J8a4AsA32DPHmR,Ernst,Ardling,YsUPG8nauOOfdZ
,Customer,yEosfwDTlAkocsi,Lucky,Binion,iDeK63GbFH75aDG
,Customer,jfuO6SNNHgf3kypGdjz,Trever,Laxon,y20pZpxP2sEbLiI0p32
,Customer,0oFezp5ZtyaShKc346H0kmXonr4,Marcile,Dael,YX39L7BHefdI2tPPA8ywCSbd2tV
,Customer,75kcPjSDuJVVZ34uR3a,Cornie,Isenor,ANk5gWUtj8t4yG57m0X
,Customer,aBRAhhumXjvybk1,Kurtis,Iacoviello,h8nRDbiJzkzBjA6
,Customer,ufxWfo97t1CInn,Myca,Pirrie,BVR2sy9yKBJ2q1
,Customer,pnhso8zmK7Nm,Trever,Beglin,iSMCYm5N1Clf
,Customer,i1sS1muGxzay5WgP7hsys,Tommy,Salters,sTQmZkO2LdHeLN7op75Iw
,Customer,dkW2iuZjHj,Cornie,Byer,plyEhKKKYw
,Customer,aAZxtrhvn,Myca,Dewfall,YKvCefuoc
,Customer,Thr0vMqYzcQYvx6sYmYcd20Yn,Marcy,Goolding,DETIJNGJs4B4RNyLEeP4tP4bL
,Customer,lMpO8FwuWwQIqECaYIMxURfcBxKyW,Torrence,Hartus,UBXlK08zUGejBLeTVg0pyRBmKtVqz
,Customer,q7aIbU33zpz5m5,Boniface,Goolding,GjMWrGfoxXiMaS
,Customer,NKyQbRkT,Trish,Elix,qRmiTMmX
,Customer,JDRCA56WhsDKq4HsTl9BPsPWMf5,Freddie,Roubottom,F35APSem4PDLSRGvskDirr3v2ne
,Customer,szE7vHloXcn9,Almeta,Sayes,DweMjRZzkZjP
,Customer,6Ykg2I09,Ramona,Bointon,9f9yDlFk
,Customer,gbfcBUHCSMut2V2Ds,Neron,McGuinley,qpUj0H24iwL8mo7pM
,Customer,cPfaWfiZACGL6Sw0sFKOTvz,Rolf,Stearley,PYIBIPPPi92seOcpjGpIE23
,Customer,PRjH1dQanZFOI82wiBfuAAK4XBiYOG,Ollie,Jakel,whaHUiFs2PvBTxnUcfsuDNq5HR2HdI
,Customer,W7w696HELD8u8BCZpHZ8SUkWG5bbsH,Shay,Flegg,iLWEcp0xrabgDsZa24KYLai30HpYZs
,Customer,Vt2K9x04BMKZQWzMvTQSvIhvgj3lbA,Nadean,Ardling,WhZlraNqtPzvzKpDdC97IvUVc2bECE
,Customer,Tu7QzOUXJVbuYGNLr,Rolf,Tillyer,p2cFmqtGX2wxdinFd
,Customer,pGPngP8G4c9vNesM45a1sM,Barn,Shedden,vWZaK1pJ6o3397Th9ml96A
,Customer,cKVZkaDhmnrZy,Nathalie,Panichelli,qdCmAq2uVV7BQ
,Customer,sVHzeKgbLo5ng5ukZ4DuJOxQ8lchJv,Denny,McCallion,CHa5tvhY4sdjp8c7OBJOEgszSoUaj1
,Customer,zGTch0eyH,Corty,Jeannenet,t3m0isSmp
,Customer,IQrPq4A4We,Kayne,Dewfall,bFld5UGYLN
,Customer,tQB4CwiZ3LJT,Trisha,Geely,VLlzn9qjDUjl
,Customer,iMoxoEQQ0PXAj7wqCNAeJk3Ew0Q,Marcile,Tonry,EIiohDPlehxl8uAfdJ93VqASr1F
,Customer,wLt4DfWhAReBjQZvBaMEbV8Dn,Reinwald,Bointon,hb2KwE7hNrX2uIZ56Q2ebHrWA
,Customer,h39ADvzaYM4u6yxrd4k3,Nathalie,Varian,0rGNOrvdGpWALKwtdKsN
,Customer,7FVoUyt2mukekhClZh2,Rustin,Munford,GuRWMnDAHHMmWwhVP1d
,Customer,moB4LPmZUMb6hmuRxI7zH7hmD,Cecily,Emerton,Upd8KgomxS8ccmtHe964o4z7x
,Customer,3SxZo3bNk9m3CaOap,Almeta,Jakel,LUtM4FcpRtZGIJanj
,Customer,mBqOhZQXxTmYLk1B,Rustin,Brimble,eTxdHN3AV6Fs5Bhr
,Customer,aEylWRUnUT7DF1s,Ceil,Van Dijk,sXu6jcZpVWWepFM
,Customer,e3FbAeKxYY3SQg2r,Osborne,Spalls,O4OALzP9KjsE3YyG
,Customer,OK9nSydsdbxoCR78Us,Corty,Davisson,HLRHSmjcxUK9JBxsNx
,Customer,fGcYozx63Ez9kROR34dpiDjvdKa,Cecily,Emmatt,9QTsrzLWdOEX1baLnT3sJBpZtcw
,Customer,ceZRwzaaVwiaEyHQctwxo,Richart,Corr,vcEObBvlSmJpYEBWoKrLM
,Customer,W2cCnjDJwpmxfn9OOtKek9SEZ,Kat,Gun,zFCF9VrBLzR6mv0SlYrNJl3AK
,Customer,OLtpkSClxsFvjYdz8C84CI5seYiv,Trisha,Byer,c3vJ1CznUKcrLhcqU6TsVkNe0hej
,Customer,hSY9tn6bhRKIPRjsiO8WAOu8rkGX,Johnny,McCallion,hIlB5G4GYYBi6XEMqt2GLJyCJHNs
,Customer,X3XM4E1kvsKqUxKpw00u5w7WYfuoZ,Lucky,Emmatt,26tNS273u1wxBoexoUIJvkmuG8H7r
,Customer,4HskFwSkaAtM6hgH0KU7gkU2teaJXL,Jacenta,Munford,8LcdzTh30gMNKCMC3TMqpVlNTpfhlO
,Customer,v7eU5iQhviXBZY,Bone,Shirland,nFDLfbrzch2rpT
,Customer,6sbH6dFF40mRjkzgM,Sasha,Tonry,9nU6i0Y1x4Ui1LogY
,Customer,9R4OeRKZCQJF2OxyF6tJFVqhKFV8af,Moishe,Spawell,wdKcrIpYTEGGgc6gwLCj3ypdIhpySA
,Customer,WdNcxK9H0DZqBu7ZkbyPboZN5pzO,Boniface,Pendleberry,hPWmLngJSh77ymJkQa0q7CbGlRvd
,Customer,0CkaDpijRTb,Melita,Ardling,CaNhd3fq3Rt
,Customer,orgiUqe2klv5SYxGin6Zv5PR0,Hillery,Jeaffreson,qQBu0ha1yFIlmntjdSFkxKCOQ
,Customer,r2NuwTthhEuHRj3,Nonnah,Shirland,4e7xUi3oZLhn8k0
,Customer,uLq0wfXDKn4baDH1zoVS4,Kelcey,Van Dijk,5BNWYgXB7Yf6MoBB8ofKw
,Customer,fA10EdvAxvPD4tjUcD9Lw2Czjp,Lou,Mardoll,I5Kod7t579FHVtdz8MteLSlU8t
,Customer,egm7brdsQ,Helga,Binion,332I37Znn
,Customer,cnQnexmqTxF5Yamo3hYKbPmhcz,Ceil,Flegg,nTfN1q4bDTly5uZt6HkQXnXkVy
,Customer,r3v1KrDAcg2KrSUfwcjOXllnFCN,Johnny,Davisson,lwbj6fDLULYJDlI4fF5aD3jhwbQ
,Customer,ETBgBfgElCK2AdM,Shalne,Dominelli,jrHJ66mi0YNBHyI
,Customer,b1mBkahJsZvvN,Lawton,Giorgiutti,rw0buxeUSWGcd
,Customer,QISxYpH3EVe,Carena,Ardling,lg3AC9aQ4X8
,Customer,qgMwMZYhdzwltUrFO635vKRbtZd,Clim,Rickman,CHICiUiAswkrusbGq5o0SNDOUcE
,Customer,CZXB7ITrViTk76GbA3lHnnTTnvs0,Kristy,Salters,rOfOdVCtNfdOmq5pOtcoWZLUOJFS
,Customer,XFzrSahw,Oberon,Mueller,XPMHF78k
,Customer,NOPZ4gVFwu8VMKeHeODL,Hillery,Windibank,NpMcmcmP2Z84HCs5lTqh
,Customer,OpYGkyxOtN0jLtpf3THW16j6U,Cecily,Beceril,fdSLNOpyeHMMsZyCnmKPMFGOQ
,Customer,N5SV4w3k29ROtSP,Boniface,Boatman,3zpdIew91GR2qyf
,Customer,BitknQVj,Sasha,De Morena,vQvQqSeB
,Customer,gj33rJxW8wS77GteeEAmg,Rosamund,Foulsham,eSsLMy41sFwLYsC0OhNoK
,Customer,AFaZvWcJ3beW7bUQTsl0LHEn,Bone,Savine,emrdm1QLv0cFrvZJbBO7Piu6
,Customer,YlC8Bl2HF,Myca,Mayler,uIltfMmnt
,Customer,ZS6G5hcf9n5ndOR8jgkus,Jayson,Landre,1Xj2f3ahTyErWbuOBaV1I
,Customer,QEsEo0YFUmhb05sWo,Rolf,Mardoll,m9cOuknhEagbdsvwL
,Customer,RS9XgawRJfV1RYE0M2cOv,Anson,Hansman,reQTC7Sjpp1Xp487xVrcW
,Customer,qa29XhOXGH4i6p1OqI0Xxu9FE4,Marcy,Gun,oRHfjK55ZI7FvIFEFspCEq1Clq
,Customer,5fD98bP63Xz6SXZwB561a6wP2nEcu,Shalne,Mettetal,zfnqFUhu3ymvYN5ChYuPJqxs1gB5a
,Customer,xuI98H0H6,Cornie,Shedden,gGz5t3SPo
,Customer,ItVn3VwHICFSx,Sal,Killner,FGBeHA2guUW1Z
,Customer,rtbIeT1qeM7m53i23jcxwPYe0q,Rustin,Tonry,KWCZOPxYhBK2Y31XIXPEzNee4x
,Customer,KnGXkjrLMZMSPYK,Donelle,Mynard,htjDop5r2rUMaRj
,Customer,oO8rDDxhcio8K0IGKtAO8OV,Salome,Killner,LsuGxue6nM4qWcyPfhcJPQt
,Customer,WFo4GUHf3nl4RB2bXvhYHGg850f,Barn,Mettetal,kOcVG9eIyXEY0H3G8fYiHX2lYAX
,Customer,pzku5PRJezVBJbVErMvPU55TTsS,Melita,Younge,3seXHMUxOiyEDxWAYOwDDIBCQJ9
,Customer,Y6cZ3KEZVhH,Dex,Castelletti,XjLkg4V1iDh
,Customer,9FBpFIeJncpF4Ihq9YCf7PVDoY,Rustin,Byer,G6PeInaIXd3nB06nVYXwgv3ccX
,Customer,cReE83Q2wAiaFosTnM03,Helga,Washtell,whWd6h2uRyH0nfGndcqq
,Customer,aLoazB3tBWDCOs4B,Allister,Bointon,2KNH9cegN88axMZ6
,Customer,JFyTl59kBt47kLcfDKINIj9uE,Stephannie,Binion,N8kpeiyRQlQcS9bYsVrGWFZqI
,Customer,rLgiXGy7qC,Denny,MacDearmid,ZDk6XaKk1o
,Customer,1lnKf9r1bnaZ3HYNUVtBq,Salomo,Panichelli,1MC4C8G44pWlY8dLKp9u8
,Customer,JGZPMUFCfavyo,Rustin,Beales,9fJ1xXzMTBFRW
,Customer,4EyvBrLO75O4D,Jacenta,Jakel,kNmDVKTKXB2RR
,Customer,CPbpLCiARqKE,Hillery,Washtell,wa631wodwR7P
,Customer,tVhEcqHisygK1fcFoMwz,Reinwald,Boocock,Tl7q2qbllGVaNihhaq7H
,Customer,IS4vqvEtZ0sHqu7xTCbHmyXCDO,Donelle,Rabbage,LnmxggdXyO7JuwkUpfOHyD5DyB
,Customer,ekmdzg8EWeDEUosgZ5ZwFtF,Malena,Paoloni,TM5cWkmXW0l3LohNwAPg7Ad
,Customer,IxoImP1Itoo8vj1s4LvHxvJYDd,Shay,Rabbage,UCBYDhP9dSpcxetmKTwE6iOxeY
,Customer,kwJIkPgkcm1EXDwiWwmPpt0,Christoph,Goghin,5zz8d0JqkI2UheLuje5Msti
,Customer,lp4938ZEeaXdDbOmXoQa5ZxxI,Anson,Joannidi,2kIxiVpNxxttkYKI55QQvllWV
,Customer,ghbFvZx1CBL5WLPwvyi3Q772q55b,Almeta,Gun,8jhPnLSgRdwD0oiVFHOrrB5Cy5dE
,Customer,K7PnYziEtmwHmJ4G4cxjElmUzIr,Melita,Younge,eriqR79E83QTxxLLZ54CnayGuJq
,Customer,rC12twj11x0az1EoQA2YoVL533u8Uz3,Grata,Emmatt,PshwVpuEwO8jCfEQjnBOMywzRhKJxcC
,Customer,lmCd3B6LqK0iKSMU2PAjF,Rustin,Durtnell,cXfUPlDLx68p9HMlR7z70
,Customer,PsTT0ARVxd6tfTGxDY7J,Joey,Flegg,M2HhNNUNedUOvytxl4o0
,Customer,1ltHsfzPeXvkQXA2ibyQxD,Rolf,Matveichev,qaQYRLMoIqAc7mruSbrLWz
,Customer,i0nD39eHDYvqhj1,Shay,Spawell,dAx2xpNFmidYz5t
,Customer,ub76iKARnRlY4qSArc,Trever,Younge,EHPo9PilmIixzGEIRT
,Customer,K4CE0gbLx28JSNW,Ramona,Moxsom,tCq94Saqykjx4ZO
,Customer,jPm4HRNONAHjyTaKYYI6F1WNQwXkl,Agnese,Burges,kBexAxmJZGFH10T8lgcguQXiw3AbV
,Customer,t0wFb3ZA4E60MuyH0L,Jayson,De Morena,n2ln7YevpEIbj94Ina
,Customer,mpdgiPA91Ig7,Arch,Castelletti,jMp3aSettPhE
,Customer,YIklD4IDv0ZoXjJNvz9d8qhdoAZ,Melita,Isenor,wDoRJhGqwUnx82wI0z88xNzttDY
,Customer,bXliQyZmJdaC5t66wzEx0008P,Hillery,Brunone,b7RqdG65AqMqlBZs01rpxE6TY
,Customer,K78Jvk91qoSns,Deborah,Missen,t4oii6CVe6cj5
,Customer,1b0fRefLTGJtvGrkzdD5Ejps1z,Kayne,Dael,unyZZNsYc9XRa7PBj3EPFPXEFa
,Customer,av4Zj7aaFRMsrDs,Nadean,McCallion,ReQSNpl2MrkPFJG
,Customer,2XhURgJeSv61c0Vg,Matt,Tonry,EbeeTsF0W4VSq0Ab
,Customer,IAuyJGohODz3,Lothario,Mardoll,FUB8lpJP19JE
,Customer,POysEbFjNRpdjjo7adMa1d7z,Salomo,Paoloni,85BU91K7P4S64XgNWaTSKN3z
,Customer,CEpIjo2tmqjmGFSbVF,Gerda,Missen,5fJ3YB0yn2lKgq6Oee
,Customer,lih7hPt3z3F,Jordan,Ardling,h43bYTHY0Yw
,Customer,fikqeGGQ,Vale,Enderby,Kb5POtUo
,Customer,qWxyLcwDvkGVyeE1ePtoeSjghVs,Corty,Gun,JOGUhRjRXin66mfTr2AxoAjh4bA
,Customer,fJN6gmgWU137isasG,Janetta,Washtell,v31hcq8dOXI9yKAQt
,Customer,xAbMpodkqYi6pvGa24EZ3M3hnqTiY,Matt,Mynard,yqE7qzvSXBW3Td98TBIvIwTWGaMvC
,Customer,FydXN5k4jZdJcFm9lfaFNR,Clemmy,Spalls,KAl7qB3o0sj27D6v2nNWxI
,Customer,gd4n7DxTe8I,Jayson,Beceril,04ICFJKjN9i
,Customer,ROtDo9H87dMgGGCBXwHqaaW7e0PQ,Agnese,Washtell,KwZ7IE8TpJD1wPOBL5ZMBlGlkxxT
,Customer,upsU4vMrbl4osHlWINlcH0m2epvkiX,Sabine,Iacoviello,SwBieTir3gFi0zX0XnCoKKPyDY1k36
,Customer,hW0Aa606GiIx,Nathalie,Dewfall,G5omolMbyYIZ
,Customer,Agk8OIZ18K5TLMPgHDEZN63r0486,Marnie,Gun,Fxreg30kYKnxtZfHcPG3nfLwrXeg
,Customer,XOfAAyIWbUXrD4yFA1l1QHaB0yEev1a,Corty,Mardoll,0Fisyei62zacJGpb1kzWMDbFqLt2az3
,Customer,wmQQSklxJwEpVXkpQFw,Jeniece,Duckering,7Xq4TP1KJampTKGUEku
,Customer,03LNigOn31hmPppZGO6OEHF5W8iJGw,Melita,Killner,my1oAODiMEBdPMHhGloK5ZDwobiC5g
,Customer,fyOmqVBUQF3qu,Moishe,McGuinley,rpVRc7mlWV2qG
,Customer,JQpaNalAYBmQ7Yx,Corty,Scraggs,fzQYNKrfukcVmh8
,Customer,wpMjq4U9VTxHf2,Felizio,Iacoviello,n6aLqdeY72Kg2M
,Customer,UCPbB1N2Zwl,Christoper,Emmatt,UVsSFHNDcls
,Customer,vV46Gdduh,Nanny,Moxsom,6a1WtT0vT
,Customer,uQO5BbXukke,Janetta,Percifull,nnwGjs5U4pT
,Customer,y0W3g4VuqkPOY99Hr4W,Reinwald,Pirrie,sShpYADneFkvOOyP4dv
