customerId,address,emailAddress,phoneNumber
9,3118 Maple Court,JboGMUE11@yandex.com,869074581
10,3595 Chestnut Trail,4h9R6AUg9oWUA1tBF@gmail.com,050745745
11,801 Magnolia Lane,4QEeAmejQBQFz@posteo.com,431221042
12,5947 Magnolia Drive,fLAY2J8Gm@mailbox.com,485510052
13,337 Palm Lane,ncaCmSOqZtMYT@ctemplar.com,939869683
14,1793 Birch Lane,MxcdhRFpKpJ@mail.com,764034202
15,1219 Chestnut Street,zsMGxBdU@gmail.com,191608400
16,2270 Brent Lane,JLv146qL1xGE@mailbox.com,279444605
17,6783 Spruce Avenue,83Fzr6cbd3j0@outlook.com,037266208
18,998 Linden Lane,rUCgpklbOK2j2ri@mailbox.com,191283542
19,6024 Walnut Street,CzSLuGLweaTrPaA7aL@protonmail.com,141844521
20,5183 Pine Road,32ZonxodVEN@gmail.com,212908388
21,3266 Spruce Boulevard,BnLifZ3t58dIiIn7q@yahoo.com,947500467
22,1478 Oak Trail,ZO14XcL0wIdRix@runbox.com,156014582
23,591 Linden Place,GMyBi@outlook.com,487462019
24,7299 Poplar Boulevard,AuBhknAN@protonmail.com,970637266
25,2770 Hemlock Commons,xuKEyjL@aol.com,550398293
26,2481 Oak Commons,0gmQDTgu6rmjRnCk@scryptmail.com,175285819
27,1580 Brent Parkway,kuzn6BeXe@yahoo.com,329171225
28,6931 Mulberry Road,mafd7Vm@disroot.com,914772366
29,3069 Poplar Square,1h9emAE@countermail.com,348048551
30,179 Ash Square,Ny1v@hotmail.com,211854682
31,2453 Brent Court,KN2mbp7MM@luxsci.com,073941568
32,995 Ash Place,FFjaJDbS@mailfence.com,938783407
33,3579 Spruce Avenue,H97jZP0n@protonmail.com,183603446
34,6402 Oak Boulevard,rqBpEC87lle@gmx.com,005696048
35,3362 Fir Trail,Lj9nqgNPQTj7wIZi0d@hotmail.com,460477300
36,4293 Maple Boulevard,jCgoLQXIaYjg47HzZ3@scryptmail.com,419590248
37,5804 Sycamore Road,79HkqWTuGw86yRbFGo@kolabnow.com,737918862
38,3244 Pine Court,q7gjIE0@hushmail.com,088341583
39,4084 Brent Avenue,qGHw3p5fj@mailbox.com,233339932
40,2864 Cedar Lane,HPzt@kolabnow.com,206053495
41,3431 Hemlock Road,uq8Inq4HLZG@yahoo.com,446244281
42,2359 Cedar Drive,NXq8oDFgEC@mailfence.com,272596088
43,6337 Cypress Parkway,i4BbaatemA4uJiQSkE@luxsci.com,352567676
44,7172 Poplar Square,PPTNINMANL@mailbox.com,260300027
45,4906 Walnut Commons,11lyEeEDq@protonmail.com,412367626
46,7818 Elm Trail,JtALISa9QRhcoH@luxsci.com,423342810
47,6773 Linden Lane,CTIhZJTCix5YEvmBFS@outlook.com,105420073
48,7644 Hickory Lane,1iJ6jGV9ZNRbVX7MAB@yandex.com,153427993
49,2897 Dogwood Place,jmbLybaVJmQUNgIq@runbox.com,328423362
50,3563 Juniper Commons,3AlluI5iT6d0@scryptmail.com,390005256
51,7042 Poplar Boulevard,LlMoBk1W@countermail.com,012386329
52,6601 Mulberry Avenue,mgc9KZPRNw02vhC@aol.com,519323564
53,7621 Fir Court,loUxRGgj@fastmail.com,677867459
54,6067 Spruce Drive,TBYKYZC@zoho.com,445076697
55,5009 Walnut Place,bYMUbaqxpzXJ9dSCu0@mail.com,962779244
56,1612 Poplar Commons,KZFGfwH8iKZuChTrc@outlook.com,989915417
57,1833 Walnut Trail,ri9wDJ@riseup.com,087480477
58,6137 Mulberry Avenue,fS0nob5Q@yahoo.com,632312346
59,4314 Maple Avenue,IbNeltJgUbeFD8@tutanota.com,892582863
60,1914 Sycamore Court,UNiu7pN@kolabnow.com,279446189
61,4758 Oak Court,ouGnPgr@mailbox.com,420924332
62,921 Ash Parkway,AOAr@zoho.com,011708124
63,1986 Mulberry Place,lN5RNeO7@startmail.com,314323491
64,4492 Chestnut Court,es6wkxv3pUdyFxAO@kolabnow.com,606373876
65,1200 Spruce Parkway,XXbJNOI@ctemplar.com,473440129
66,2929 Oak Lane,53xwgBXA@hushmail.com,478984518
67,171 Spruce Drive,V3BVXSndrhet8@protonmail.com,638843422
68,6415 Chestnut Place,TP4JtTHl2@mailbox.com,286944863
69,7251 Spruce Drive,wMvT3jG7rE01n44@tutanota.com,651565677
70,6414 Ash Parkway,lRDLMKb4@runbox.com,211484292
71,792 Walnut Square,sBucz5vBMaDLi@luxsci.com,279613152
72,6132 Poplar Parkway,pTiWagl2Bfk3n@luxsci.com,577859849
73,5166 Poplar Place,rscEUTy1WcKpdQU@fastmail.com,290232703
74,1933 Birch Street,Djl1SJjeZoIZ4Zfxm@icloud.com,707125960
75,4577 Walnut Place,ZAMsb8rx@ctemplar.com,495387945
76,7623 Poplar Commons,0Cq7zw@hushmail.com,969113238
77,7277 Birch Drive,iQg0loqiIZCz88kgZ@mail.com,837512808
78,4290 Maple Place,70Fs@fastmail.com,596427024
79,2795 Sycamore Road,PYu28VK5NAmXwulV@hushmail.com,492608053
80,7751 Pine Court,cSc0USLmNW0FDkEt@fastmail.com,658033111
81,501 Chestnut Avenue,OUci8CyqPRlxwzj@runbox.com,770883475
82,4213 Brent Avenue,8mUSDk3FezzAdxZt@riseup.com,019681407
83,5665 Linden Drive,mLuIyUAc3N@tutanota.com,922465772
84,7405 Birch Trail,3kQsvA8h4@zoho.com,212220548
85,1886 Oak Street,8kSy5z@mailbox.com,332756910
86,125 Maple Street,cziThA5WzOcdlyAnGg@aol.com,583878865
87,535 Dogwood Avenue,9MMcg4sA@fastmail.com,977809316
88,4233 Mulberry Court,aoM0fat2S@gmail.com,512297326
89,7934 Yew Road,TWN33jck1PFpasEVf@disroot.com,475826760
90,3798 Linden Street,eQ4MhfUYnP@zoho.com,744173828
91,2238 Fir Commons,b99I4K7ar@kolabnow.com,155667537
92,6345 Dogwood Road,qfB0PHA6qEPqNKi@hotmail.com,975926537
93,1399 Chestnut Trail,4GwpbXaDvd7@ctemplar.com,616095837
94,3407 Fir Road,2uqxYMPXwRR@mailfence.com,153676584
95,7302 Elm Trail,H7ui@mailfence.com,992174137
96,5051 Walnut Trail,kjvvYV@outlook.com,860960652
97,6103 Cedar Parkway,HlyDdASkG@mail.com,141794702
98,4281 Hemlock Trail,SjTPj8bTIFDf0ZoMDJ@ctemplar.com,063031512
99,4184 Oak Avenue,FCFoKm@mailfence.com,236947840
100,4037 Birch Street,lpIWVnUqvQEHV2GBSt@mailbox.com,900462782
101,1030 Chestnut Parkway,eebdT7@yandex.com,775778015
102,7320 Fir Lane,Po8p@fastmail.com,088538299
103,2203 Dogwood Boulevard,DxOwmCt7jiIRFO4T7q@ctemplar.com,742916009
104,1616 Cedar Avenue,GCYzWiFTefNmG@hotmail.com,488754136
105,7677 Hemlock Boulevard,4YaELJOrWFu4@mailbox.com,675755552
106,7852 Dogwood Square,SWj9y@yahoo.com,037379592
107,7890 Mulberry Road,eMCFQZrBaw1pw@scryptmail.com,824175715
108,5893 Linden Boulevard,PYw7cdWA4geQpD@yandex.com,708162815
109,3352 Brent Avenue,5A0GHqRs@tutanota.com,390960348
110,1041 Poplar Street,QJ0CVuZqHtat8LVp@icloud.com,464196058
111,777 Hickory Parkway,fHZN52U0oN@aol.com,645856450
112,2696 Brent Lane,DGuDxCel@kolabnow.com,174934283
113,3267 Magnolia Place,jbjcit0w2DOHvv@mail.com,315212917
114,7958 Linden Drive,oGMXoE1bskgH10KP@outlook.com,074090365
115,2011 Magnolia Street,dtutzX@yandex.com,739867779
116,5011 Willow Parkway,2VJ9gPQn@outlook.com,132194931
117,810 Spruce Drive,QyUXc@luxsci.com,190203768
118,2526 Cedar Commons,MD7zaOiUQLVSugNNS@hotmail.com,699054029
119,1328 Magnolia Boulevard,1qOgb3Hq79NXr@hotmail.com,528246946
120,365 Magnolia Lane,6BBYazuqmy6evAUo@gmx.com,721693053
121,4318 Poplar Lane,0YsinLUthYE9J@ctemplar.com,163125135
122,276 Walnut Commons,GIUiWoZWVlTX0@hotmail.com,019358136
123,1101 Chestnut Lane,7g1QbkrOFO@mailbox.com,713121463
124,1143 Mulberry Road,bmwqyowo1m0dHkK8@luxsci.com,121147626
125,995 Cedar Street,QnwmVUdU9VyvubI2So@countermail.com,081504035
126,7592 Willow Avenue,nMcp@gmail.com,561676868
127,1162 Maple Parkway,HY9kQbziXiF@luxsci.com,716896762
128,4617 Elm Parkway,9vPFh4iVf8tyUHK@zoho.com,222794189
129,6552 Hickory Trail,xmDhFb82ngUNT8k@hotmail.com,712050454
130,6221 Linden Parkway,nn2g6JC@mailbox.com,271789671
131,4206 Chestnut Court,Lrf9qwemWUQuo@ctemplar.com,659085506
132,3880 Magnolia Road,uR5obkZPVxu@mail.com,534578282
133,2945 Willow Street,pgN9Sz2zY@startmail.com,123050471
134,7144 Juniper Lane,ECMWalV34j@riseup.com,074003416
135,1465 Poplar Court,JWqhrn@riseup.com,791719754
136,5106 Palm Street,gYwo@mailbox.com,308944551
137,4522 Pine Trail,vtxy@mail.com,425463669
138,2034 Yew Boulevard,rDoaEY0PX3gKpf@kolabnow.com,340299177
139,5246 Hickory Street,jYFtpQE5eMvu@kolabnow.com,832058545
140,267 Linden Drive,UeqmmoG8ZcQ0cwNFcz@fastmail.com,233304470
141,5271 Elm Place,bseX7Ex1m2A8j@fastmail.com,536421643
142,7769 Maple Street,GmCMBj5@hushmail.com,353350765
143,281 Willow Avenue,4dNQH3@disroot.com,054919290
144,196 Hickory Avenue,Pr4fZGfhRS1KaFUc@aol.com,529435084
145,6831 Fir Court,0dKf158USK9@posteo.com,564127425
146,4685 Poplar Lane,668vw4tnOcO4@icloud.com,534197797
147,260 Willow Parkway,UhH7zgu@runbox.com,669123436
148,3868 Elm Street,vTt4RwdA3kLbHe@startmail.com,781898270
149,7952 Pine Place,LWca92dQoPlaHje@riseup.com,233592168
150,3269 Palm Place,yMD9uMC0ncToomVRug@gmx.com,875317373
151,1982 Linden Square,F7rXyKJiynQGw@fastmail.com,162651635
152,5035 Dogwood Commons,mPjDnymHQbZyMR2wR7@aol.com,227760841
153,1321 Cedar Boulevard,JLwSBlQoSDxlW9BB@outlook.com,191588090
154,995 Linden Square,FDvnPnk@yandex.com,199684531
155,218 Maple Drive,Vq3j0@outlook.com,060805490
156,7975 Brent Drive,gOyof7IgXuC1al4@mailfence.com,042559409
157,7648 Palm Road,NFQt4VEfoj8Skn@scryptmail.com,499046962
158,6995 Spruce Parkway,Giw9EHgt@mail.com,049039594
159,3637 Palm Boulevard,VJCO@gmx.com,102559677
160,6981 Poplar Place,83Q4WSVb@hushmail.com,816994523
161,1008 Dogwood Street,BMbDmAI6j6Y@mail.com,819552978
162,5472 Palm Road,G62M8xYGo46@yahoo.com,753144065
163,7311 Sycamore Commons,FCRjYx7zJns@posteo.com,072483976
164,4307 Chestnut Drive,XFxqQRu9YUDP5ZnodD@yahoo.com,007524053
165,6465 Fir Avenue,40Ig@kolabnow.com,964396419
166,7160 Poplar Boulevard,EYbDKYK2Fh2E@posteo.com,623004335
167,1186 Maple Trail,ESOIozFvNAFdqdMu9@scryptmail.com,770887040
168,4948 Maple Avenue,e94FiouuQmo@hushmail.com,166735566
169,6044 Dogwood Lane,KFcrMNinIzNVSd@hotmail.com,320754112
170,5012 Linden Parkway,bl6mWOc@icloud.com,053450487
171,7299 Oak Drive,gHC6me15xkYacI1mR@gmx.com,701432862
172,7593 Spruce Boulevard,BdwIWSz5@posteo.com,373528500
173,6301 Juniper Place,NbY03IjnBSFNLt9tWp@mailfence.com,884989442
174,2714 Linden Lane,ng2zzRcJUuR@hushmail.com,764606347
175,4046 Ash Street,krmtpO1cXi@hotmail.com,429143089
176,1207 Juniper Commons,uix9tJej@tutanota.com,164607839
177,232 Cedar Street,JkN73sL4SSHYR5s6I@gmx.com,208565946
178,4414 Magnolia Square,WdOQHC@mailbox.com,441054290
179,6744 Mulberry Street,6fhY@posteo.com,794884447
180,3545 Hickory Court,vrRnEOcnz@icloud.com,614407111
181,7529 Pine Avenue,dVqOPnAYLARkmK0DP@countermail.com,187738754
182,6030 Pine Drive,LoTRFPHJ44E@kolabnow.com,744007434
183,5566 Hemlock Parkway,OT2dfVEpA81K@mailfence.com,543741884
184,1218 Hemlock Lane,Zvv5iV2t7DYNRsSW3@disroot.com,368114624
185,5004 Hickory Parkway,hB3xqn6mis@mail.com,504378582
186,4774 Walnut Parkway,8zLTW6AEQ@luxsci.com,868938112
187,7640 Cypress Parkway,uIAiE@protonmail.com,249108019
188,2723 Cedar Trail,VEMszVmXjbGEigmmT6@kolabnow.com,467063237
189,1836 Hickory Court,2W7LqZxytu@protonmail.com,698836003
190,3802 Hickory Parkway,nIXKMAUjNDU3K@tutanota.com,697190056
191,7877 Dogwood Place,ciSUSMPQDnk@runbox.com,591670860
192,52 Juniper Trail,iRwhG6R2Wp1PGxVTtl@hushmail.com,859903686
193,2877 Mulberry Street,kWTndGjZFMi@startmail.com,217270540
194,7124 Walnut Commons,i6GGDV58DQv4P@kolabnow.com,196713726
195,6534 Yew Trail,jSxR8XllJ3@countermail.com,714150053
196,1664 Yew Drive,luPRiaMvuzcR@gmx.com,391975893
197,1308 Magnolia Square,II03xhFLcvGjTm9xF@runbox.com,070965647
198,2303 Maple Drive,jSIj@protonmail.com,680915923
199,7569 Ash Trail,H2nkCLpppQi@zoho.com,114078685
200,1941 Cypress Boulevard,7wrpoku3lQJVg@yandex.com,886200594
201,2297 Oak Road,fYHFMUm0rP5AyMza@mailfence.com,572853847
202,5829 Fir Drive,09Ld@gmx.com,524002426
203,6362 Juniper Square,lM35XziNGzl0@yandex.com,791744425
204,7865 Dogwood Trail,cvYZcw9sA58@countermail.com,477423542
205,4075 Fir Trail,RQ5ekH2JPu@mail.com,929914060
206,3210 Poplar Square,S2zQqOEOVNtu95qgYJ@icloud.com,815654823
207,7482 Birch Court,vQi1SYe4I7p@yandex.com,049374367
208,4134 Cypress Street,jWD3rByB5T9K4m@mail.com,047548993
209,709 Hickory Parkway,bQHELJgFRM@hushmail.com,119403912
210,2671 Yew Commons,pNCex38FBmMJDTFsI8@protonmail.com,337454043
211,1572 Pine Avenue,TcY0bcKIcRlS@riseup.com,368254742
212,3421 Linden Lane,MCZ9UYw0@gmx.com,781591357
213,1711 Magnolia Boulevard,mih3GnFrJINR7@gmx.com,741083726
214,566 Brent Commons,U45X@zoho.com,184466888
215,2182 Linden Place,2IuyhYXvrqufg@hotmail.com,451009567
216,7428 Pine Boulevard,MwEL6FBoxhJ@gmx.com,964485210
217,7695 Mulberry Place,akP4AhD5@runbox.com,110158160
218,329 Hickory Road,Bbv6IUvi@zoho.com,107618548
219,7693 Magnolia Boulevard,UdVn9bp0a@icloud.com,129248536
220,1498 Poplar Street,Yrami3U5ZNQ6bw2ez@mailfence.com,938183161
221,7670 Willow Square,KiiDCSXAI6Fx@posteo.com,638399911
222,2772 Walnut Place,vUuDCme3@yandex.com,507219054
223,1673 Oak Boulevard,HaFxnexH3kTd4zEG@mailbox.com,588907687
224,7329 Pine Avenue,IJ4w1ijTDIaDNtY@tutanota.com,385657691
225,2453 Hemlock Square,tWmJp1t5TpD0boQ8@mailbox.com,083947552
226,7454 Maple Street,oUIYfsUySUewsRF7B@yandex.com,568527823
227,5071 Elm Commons,SWeJThr@posteo.com,800193132
228,7484 Fir Lane,MXELt4Wf@gmx.com,711410542
229,6440 Yew Commons,iBFu0ppHZ1LJu@runbox.com,745573713
230,7731 Cypress Lane,fW1J8eGIBdclT3Yu@ctemplar.com,401541437
231,4070 Sycamore Boulevard,zQsSBQd9@fastmail.com,732679430
232,6692 Hickory Avenue,QsmGfjKhNdwkauo@yahoo.com,471778311
233,6007 Hemlock Lane,lI9cBQqmDGk7pVjJD4@icloud.com,765632795
234,6885 Spruce Parkway,WDvNxaKWfK1@icloud.com,090232600
235,527 Hickory Place,cJDoLii5dxyUQk5K@outlook.com,602794493
236,7789 Birch Drive,Fxsn6O82in2uL@mailfence.com,078610383
237,5196 Juniper Avenue,SKVtKD0yMcf6qW8HU@riseup.com,372679788
238,6165 Chestnut Court,u8gklNVHGw4zS5N49s@protonmail.com,607016263
239,20 Yew Court,DR46DH4wadf@hotmail.com,911859355
240,6603 Ash Commons,n2FbJhi@zoho.com,328812862
241,1110 Hickory Court,jZhcio@hushmail.com,383159976
242,6579 Brent Road,EkR9N6hWZulJrTrygJ@hotmail.com,546350287
243,5677 Sycamore Boulevard,1UvjGA@scryptmail.com,364099587
244,6993 Juniper Square,etsM3ZEF8hLo@yahoo.com,713280879
245,4377 Yew Drive,zXsU6nH@luxsci.com,442952340
246,4568 Walnut Trail,9SHEEA9VOLSl81@scryptmail.com,914049955
247,4911 Spruce Commons,NyofKMkNrWuD@startmail.com,826184973
248,5855 Elm Square,eJ2xRnzY0@fastmail.com,430285177
249,1901 Oak Place,ppVq2Z1JoqYCkZsGKC@disroot.com,848003132
250,1778 Hickory Place,sQRUeuSp7uDNbL@gmx.com,681754628
251,148 Birch Parkway,oGBk8KE@hotmail.com,302081174
252,4661 Oak Boulevard,wtN4@runbox.com,936237443
253,3981 Elm Drive,TmksBMkq@posteo.com,140174004
254,7093 Cedar Boulevard,GArda@zoho.com,634218293
255,4601 Willow Street,6XIRW6Aut@kolabnow.com,567918289
256,6590 Yew Drive,xYRHw@startmail.com,336936367
257,3065 Sycamore Street,RuZiIk@fastmail.com,898681012
258,6855 Cypress Boulevard,ku20r@scryptmail.com,973939384
259,4582 Linden Road,vgvjJZIhcNCZWD@disroot.com,319194418
260,2699 Willow Road,2ZuF1Uplp9OwSKYWL@countermail.com,905651782
261,2891 Pine Street,ufx1JiM5UyLcRx@posteo.com,829721215
262,6353 Juniper Place,aoJM3bwglC5ScmbHo@disroot.com,521523798
263,6773 Cedar Commons,7mTWQM@disroot.com,529196212
264,752 Pine Road,VBbj@startmail.com,463308654
265,3115 Birch Road,qcUHToxjOl1@hushmail.com,153807455
266,2087 Sycamore Road,GuTo@riseup.com,211282203
267,796 Juniper Boulevard,Tez4oouQoPcatPiQR@riseup.com,552297834
268,6213 Spruce Street,PB2Mh6CC6SrLTwh6@mail.com,050965910
269,4717 Brent Parkway,4oko@yandex.com,944132538
270,1601 Juniper Commons,RoMFtEvi@posteo.com,859467417
271,2025 Yew Commons,71mluQZrSYHZv7nbd@protonmail.com,043566014
272,3125 Magnolia Boulevard,8NlVZs1mDJ@zoho.com,579135990
273,2241 Willow Road,PbyIPfr8s8@countermail.com,674422493
274,2063 Ash Lane,Z0BGJx04B9hOMPam@mailbox.com,403904529
275,595 Ash Square,ms8lO7UEDxaihGmOT@hushmail.com,385612543
276,6548 Walnut Square,ukOnIxzDFOHGn@aol.com,463901623
277,3095 Chestnut Street,j8Lpnk8Cj@scryptmail.com,710217332
278,3286 Oak Lane,bhR5DWORJFmluR1q@countermail.com,377513361
279,745 Spruce Square,sdg4d1ifbwvJ@mailbox.com,046071796
280,2996 Oak Road,LmvIEe59LFmkve@riseup.com,341511996
281,4973 Walnut Lane,Xi7nnJEny@aol.com,907045945
282,7762 Maple Drive,eUFP8hADCURGx@luxsci.com,645843651
283,4510 Willow Trail,13rTCw@kolabnow.com,015449437
284,2561 Willow Drive,DIKyRV73UL@protonmail.com,463412695
285,1523 Spruce Trail,P2ZpNYRoL@yahoo.com,857909107
286,5889 Sycamore Avenue,Dv9UNlLKsuyG@countermail.com,693965973
287,6229 Cedar Boulevard,DcPMUhwBLkFRX@icloud.com,583532598
288,4825 Magnolia Square,qxKSB58Qjcdwhl9CYT@mailbox.com,704053894
289,6333 Brent Place,JcamW5nM51f@hotmail.com,799846266
290,3347 Hemlock Trail,ih7JKHp87BCh@riseup.com,867493965
291,4261 Ash Trail,1aD4Rr7@zoho.com,180653686
292,3162 Juniper Road,63lxa2AIIgq@yandex.com,783306924
293,6412 Willow Place,p26azMkh3ZEyuTTEj@riseup.com,116780633
294,6560 Hickory Boulevard,vfn8B3yePciUyLv@zoho.com,091308208
295,5780 Sycamore Court,cpZwvu8gVLdgj@disroot.com,816860898
296,4830 Cypress Court,OTZpVE@countermail.com,763693052
297,6510 Maple Parkway,dIyiwOlm9vBkbo3U@hushmail.com,782330640
298,7267 Linden Trail,X6EiePebT99bBprV@mailbox.com,751000458
299,215 Yew Street,zyOa3Cu@kolabnow.com,943983562
300,4526 Ash Drive,NYhP7hJP5F@outlook.com,451411701
301,3012 Willow Parkway,0jxpYw28ke@icloud.com,058328463
302,6291 Palm Lane,0rzgK0hQY@aol.com,830958192
303,2053 Sycamore Drive,GWcQky3UeNbTJA@kolabnow.com,032932910
304,2140 Poplar Place,QMGK204ckMl5K8CzoR@luxsci.com,709064213
305,1824 Cypress Parkway,I0jGQP2Xxcv6jJL9a@protonmail.com,917888005
306,2537 Ash Boulevard,urhQOMQxULecX2fs@fastmail.com,870734624
307,5089 Elm Avenue,wpagz@yahoo.com,199229873
308,531 Sycamore Court,5epuaNZdi1jd@fastmail.com,845412884
309,4099 Hemlock Commons,JP9EvRWZjcnjF@ctemplar.com,543113890
310,780 Pine Place,yn5r4lsO@yandex.com,607372375
311,5904 Chestnut Boulevard,wd61oI@icloud.com,302306734
312,6035 Ash Parkway,TxC7wGkRGWhz@yandex.com,690106753
313,4108 Linden Drive,E40gXyHWlBp@zoho.com,259616078
314,3037 Maple Street,OzbmYODQpxlqkxEjR@yahoo.com,373789848
315,6283 Hemlock Court,t7My@riseup.com,748034368
316,3599 Palm Boulevard,0pCAqoRkNFUN@posteo.com,163763935
317,7623 Poplar Square,uClAP9SgI@ctemplar.com,498488850
318,4127 Cypress Commons,t2J7EbSUiIGRIv33R1@riseup.com,249373046
319,1166 Poplar Parkway,zq63WqfXlh0Naz@posteo.com,979071756
320,4244 Elm Road,7YTMS@yahoo.com,427121783
321,5814 Pine Square,sR9pnEmRj5HJotY@gmail.com,449502826
322,3897 Palm Square,ngAt29m@mailbox.com,643293501
323,3114 Oak Boulevard,4s9uejVUxjpoVbhLG@kolabnow.com,836551385
324,3203 Mulberry Parkway,O3EunWNBMHqP9@mail.com,024138291
325,1937 Sycamore Avenue,6iQ4J53Phfd@outlook.com,115271365
326,6264 Dogwood Road,hemmDIMcLZQQ@hushmail.com,397791757
327,2031 Spruce Avenue,fSWqPjRZXmN3@countermail.com,027011945
328,728 Brent Boulevard,MO2mfBe1NPeW@gmail.com,324340276
329,5353 Spruce Trail,05EDyFS2bIl9vOq2@yandex.com,175335675
330,5969 Oak Street,5UmaTFb0paZVZjL@mailbox.com,875015129
331,4391 Juniper Parkway,g9QbgfkE91UYj@gmx.com,582405353
332,4221 Ash Court,J24GatgFNfF@yahoo.com,032473556
333,3281 Linden Trail,hKB3iVOoSjg910YIvW@scryptmail.com,519778299
334,6204 Pine Boulevard,UQHup8FS@luxsci.com,893384459
335,1795 Brent Boulevard,e2gXw0F@mail.com,853289006
336,5408 Spruce Court,aRqO5zB9@ctemplar.com,471749294
337,87 Maple Road,3eAx3OdPpPDVbr2L@riseup.com,777789317
338,2524 Juniper Commons,ELEYip@protonmail.com,771295622
339,2974 Walnut Place,VLv9Dqgq@hotmail.com,065405447
340,5127 Fir Parkway,njPPg04dD80d3kCtq@fastmail.com,102551095
341,1577 Linden Road,u5at@riseup.com,791303416
342,3167 Willow Lane,IMrE@ctemplar.com,593018974
343,7148 Juniper Avenue,U0zfJif6QMD@fastmail.com,817923658
344,4422 Walnut Boulevard,smwLS@zoho.com,192774815
345,6736 Pine Court,ttLExLLR8JBeZ@ctemplar.com,315969086
346,6080 Juniper Trail,r1G5dfi7H@posteo.com,636153592
347,3595 Walnut Lane,bbwZ6@mail.com,064300641
348,6430 Linden Avenue,FtCRCoDI3qxvM9c@riseup.com,065263734
349,490 Palm Court,bWIERI@tutanota.com,593775345
350,1785 Maple Parkway,apON@yandex.com,014328046
351,1665 Brent Drive,IscMqnCPID0ONLmNn@zoho.com,498474982
352,579 Spruce Place,UOCpG4cj8@startmail.com,245534216
353,7839 Pine Place,W5Vf07my@mailbox.com,041227772
354,5072 Elm Trail,kN7FgyThQDraITC@icloud.com,293711784
355,2703 Maple Place,rBrhdeXc522YKir7@runbox.com,693986945
356,6810 Yew Drive,RQh3IhuL@icloud.com,781168757
357,7577 Dogwood Boulevard,KJIZCHBDX@yandex.com,983441562
358,7362 Cedar Parkway,6PQ6YI14uCJRwri@disroot.com,407050616
359,5438 Spruce Lane,jljAVo3@hushmail.com,467691428
360,1637 Oak Place,DGIViQX@mailfence.com,820186841
361,4468 Spruce Drive,ITfOPoOnsV4kwJgc0n@gmx.com,536812143
362,1689 Magnolia Drive,YdrzkWZb1F1@mailfence.com,204102201
363,7048 Walnut Road,d1x0T@mail.com,864687690
364,3649 Brent Road,7jPotjZcxW0b@hushmail.com,931462931
365,720 Fir Trail,Sr5T8x6acCLTPg@disroot.com,947113535
366,6434 Cypress Drive,l53s@outlook.com,865560996
367,2226 Linden Commons,fwzfiVK@aol.com,650934114
368,1945 Fir Road,Rd0RvL0owa1NLfP4Ei@fastmail.com,528088929
369,2841 Willow Drive,slIMKEYKVF0CXFnVWz@scryptmail.com,225906928
370,5357 Ash Trail,7TGcp@runbox.com,350819855
371,5278 Sycamore Square,qdY2m@ctemplar.com,621763270
372,5422 Linden Commons,CaIM@zoho.com,141996472
373,2633 Spruce Avenue,kWcNWRhcaRy1QIcL@zoho.com,723672415
374,5678 Hemlock Road,alaJr92@icloud.com,768571426
375,7955 Elm Lane,Ex3J97iEGa@zoho.com,311730026
376,5186 Brent Place,FB8IBH@protonmail.com,126596262
377,7352 Walnut Parkway,Mpu3vJkP@disroot.com,968743087
378,1025 Pine Parkway,XIcHnjnm@scryptmail.com,751246932
379,7824 Chestnut Avenue,rt8HNcOpg@luxsci.com,390676796
380,5293 Palm Road,DXrIm58HEurjtQszBH@ctemplar.com,133883824
381,2374 Elm Trail,5gu6kC@hotmail.com,608023353
382,7925 Hemlock Court,B1PeUU@luxsci.com,900811420
383,1084 Linden Avenue,e5PfBw0h8U@gmx.com,074281639
384,5649 Birch Road,5uTX0Vc5wq24@fastmail.com,236914374
385,4374 Hickory Parkway,Z7fdZ9R@tutanota.com,486334971
386,3767 Maple Trail,UnByU5IO@hotmail.com,711246261
387,1960 Linden Avenue,GJJdluUAtQ4@startmail.com,759482979
388,5101 Elm Road,JsYnJGhXAldfUf1wZC@gmx.com,059750607
389,702 Walnut Street,lPfb43voxqQ6wXG@disroot.com,994289337
390,2061 Hemlock Court,Xio9sPUmO@gmx.com,599623956
391,4048 Ash Boulevard,1M5qWgQlr1De@mailfence.com,640292953
392,7331 Hickory Lane,VC2t@mailbox.com,558035979
393,266 Cedar Drive,FZTe@luxsci.com,775059766
394,6810 Cedar Court,l6HQd4KpxBEJ1Jf1@zoho.com,689951103
395,1221 Yew Avenue,Fx7v2CE2tM@hotmail.com,310479527
396,1347 Dogwood Parkway,1JDufUD7b4b@mailbox.com,879239538
397,4814 Cypress Square,skCBat9a3WH5@outlook.com,403354525
398,2088 Maple Square,Q8YF3dWykavKA96vN@countermail.com,634207110
399,7591 Elm Boulevard,UjaVaFa35ZPAiM@gmx.com,278606964
400,407 Oak Boulevard,F8ud@luxsci.com,959378942
401,5393 Magnolia Trail,i9bcvLOOb@disroot.com,194869072
402,3823 Brent Court,vcwPfCrntcuBlE@mail.com,277112018
403,5919 Brent Trail,HbRfjJZiLovL79@tutanota.com,482904295
404,1301 Walnut Road,3ODyi6@mail.com,697874552
405,129 Willow Boulevard,oRQIzwV7kYP9@runbox.com,218358700
406,5240 Palm Street,BbF6JnuvklBMU@mailbox.com,796238575
407,7060 Sycamore Commons,fY46yepxGb@scryptmail.com,963520865
408,3414 Chestnut Boulevard,dtC6X80zZ@posteo.com,906219610
409,648 Hickory Road,2KLKMrzIDPdcD@hotmail.com,400560919
410,1806 Fir Parkway,mUZXpwUVX48GKwf7o@startmail.com,163455739
411,7274 Dogwood Place,1q11O2ot8c9v@gmail.com,940313800
412,715 Yew Place,Rk5BO@startmail.com,162458416
413,39 Dogwood Lane,wMZe9kjV8@scryptmail.com,715358581
414,5956 Elm Street,d6CF3aRo0ZqL@yahoo.com,531403905
415,1275 Hemlock Square,qucoLU8fbdHUR@aol.com,020858092
416,7865 Poplar Road,XZwMHvkiAai0Nsool@hotmail.com,263373500
417,4837 Hemlock Trail,gOozQ@fastmail.com,163216765
418,3820 Hemlock Road,urfBrxuF3@gmx.com,377654480
419,1355 Chestnut Lane,fuxL6W@disroot.com,237052504
420,4137 Dogwood Avenue,miSkpk6m@startmail.com,641622253
421,5512 Fir Drive,4jDQankSm6z3o@startmail.com,452380487
422,3430 Pine Trail,ucNmUUbLRnQ9i@mailfence.com,501416690
423,6017 Poplar Avenue,U9b8HHisLMlM1A5@luxsci.com,218872426
424,293 Fir Drive,BJ7JNXFJCD@hotmail.com,552699493
425,4859 Yew Place,s0a4yROYAIedfKp7J@aol.com,860263279
426,3611 Chestnut Avenue,j58Xner@runbox.com,806077312
427,6165 Magnolia Trail,ic1kwxusGBv78@gmx.com,404178465
428,3424 Oak Avenue,cMY8Bxq@mailbox.com,797865244
429,4607 Hemlock Road,ZHMuSNznVs@mail.com,198055265
430,4687 Mulberry Court,XENpLwoiQ@hushmail.com,570076390
431,5733 Poplar Parkway,zGbzWG9nK@yandex.com,674647441
432,4939 Cedar Trail,O1Ea1qeh9O5opUU@riseup.com,375549014
433,7664 Maple Place,9IElZh8A1T7SOTFL@gmx.com,006249630
434,4458 Palm Avenue,N1QuYT5grHtrwU3cI@scryptmail.com,533004982
435,6801 Juniper Commons,rdlppp@hotmail.com,598990191
436,5145 Palm Road,owHoBAgUE6zN@hotmail.com,015842765
437,1772 Sycamore Square,JDzOU@countermail.com,266398433
438,1655 Oak Commons,byFb50gCNB1Osn5M@mailbox.com,515339995
439,4613 Maple Drive,kIJUkATJDsOFqlbe@hushmail.com,015955034
440,1386 Maple Boulevard,aieWco0HoQt4uSvf8C@gmx.com,635851758
441,4881 Cypress Lane,EPIVkyzDvIisHI@mailfence.com,402469702
442,5472 Yew Avenue,j2ymN8@outlook.com,464382717
443,7190 Mulberry Commons,5YGbDc0S@yandex.com,433380759
444,1177 Hickory Avenue,rJAYo5wa02P3e@mailbox.com,076264727
445,7759 Mulberry Parkway,Gm4RLW9@aol.com,758561729
446,934 Oak Drive,qpuvTaAKZNkhC@kolabnow.com,587654983
447,2177 Oak Road,puzB7fLyZ2BHg@hotmail.com,035169451
448,6327 Spruce Road,6uvxvfyV9Fw@icloud.com,511210720
449,7096 Cedar Road,u0uimEgJBno0d@kolabnow.com,534122380
450,6788 Mulberry Street,PZLvEAEqo3d2MBub7@mail.com,840826313
451,6814 Birch Drive,Hm7akZK7069xnUPvL@hushmail.com,447481557
452,7770 Chestnut Avenue,AUci8ihj9XXIF77@luxsci.com,492979313
453,1608 Elm Avenue,5pO607pP@mailbox.com,827937539
454,1483 Dogwood Drive,kyVCEQjYQdNQisQaD@scryptmail.com,352047302
455,5404 Ash Lane,eWnQzXT@hushmail.com,621663202
456,3654 Linden Parkway,3lQCsVc1qzKmS@mailbox.com,960672426
457,5304 Magnolia Square,8qVom75fuh23u2Asl@mailfence.com,365999630
458,2630 Hickory Place,l2lhBwvete0@scryptmail.com,664650627
459,7328 Cedar Road,LWnfSOgodP@riseup.com,967969928
460,57 Cedar Place,Rly79@icloud.com,438109152
461,2499 Pine Commons,VdWhcDNKG@luxsci.com,871304502
462,1605 Mulberry Street,LvkM1dh9NeefXMjmb@protonmail.com,102756873
463,2757 Oak Street,hKQ4z1j8HvBE@gmail.com,913689131
464,5145 Pine Road,0clG@aol.com,958468267
465,3241 Ash Street,EzMgn@mail.com,940523292
466,7498 Cedar Place,acGVrBF8x8Mbot@kolabnow.com,835870734
467,6008 Elm Parkway,eWUcek9PrIhXtHg5Gx@luxsci.com,489643106
468,3486 Brent Boulevard,6MH3TWLs@zoho.com,991604762
469,323 Elm Commons,WWGot6Vyc@mailfence.com,924470789
470,3764 Magnolia Road,xYHnAgE@protonmail.com,998498784
471,7471 Hemlock Drive,ra8h@countermail.com,211616744
472,3177 Chestnut Commons,Dn97L5vILJD2LZGj@protonmail.com,873930490
473,783 Hickory Lane,cmtz8tqO@mailfence.com,369133009
474,7979 Linden Lane,zDT0SIMnwT@mailfence.com,960262378
475,782 Oak Trail,TI9c5C4qPKo4w6y@kolabnow.com,594035517
476,761 Palm Street,ubA2tEUmZi6PT5E4k@tutanota.com,539692523
477,1795 Linden Lane,GiKkHV@mail.com,778311877
478,1213 Cypress Road,4R03Xv@countermail.com,249768905
479,3336 Elm Drive,JOwG1DOa@tutanota.com,450344942
480,6640 Brent Street,aKpkq@hotmail.com,220014123
481,7760 Walnut Commons,pqlRKRB3P@luxsci.com,392273263
482,3152 Sycamore Trail,Tt7JHu4e@zoho.com,276795631
483,3656 Mulberry Trail,Po1S1ELAKSeYO@posteo.com,183702961
484,3941 Ash Boulevard,cu4IpoAG@mail.com,792337620
485,4313 Hickory Lane,CTZYJ7Ci48eIE@gmail.com,608819660
486,5136 Oak Avenue,u5rRzXKNqB@mailbox.com,247014533
487,6502 Willow Avenue,ltgGXy1@mailfence.com,397724876
488,5157 Sycamore Road,3HU385@aol.com,318252979
489,2539 Sycamore Square,8d7E1OFvC2JWBn@zoho.com,850822405
490,4774 Poplar Drive,QLd2XIk2cbgkYn@gmx.com,652679597
491,1323 Oak Parkway,qfWMiFSYvr0BVXzaQ@yandex.com,952015867
492,1944 Ash Road,yzhaSu@kolabnow.com,512144042
493,440 Pine Court,vKkl0O@yahoo.com,360133660
494,6830 Ash Drive,XvlYsFyX@ctemplar.com,797833267
495,6341 Dogwood Court,o47QJFHUssDN@mail.com,910110636
496,7917 Sycamore Commons,CX9vkt6Lj7BbSuf0Pk@mailbox.com,922121817
497,7826 Hemlock Place,CgIPISr5XYyuTaI@hotmail.com,916985877
498,493 Willow Commons,U7rWRy@mailbox.com,544491556
499,73 Birch Road,qJVCoS27SIS@scryptmail.com,789300089
500,3848 Fir Road,hNrYlsTe3ktv@kolabnow.com,255644192
501,6139 Walnut Square,n8uWd72I2zl@countermail.com,073307747
502,976 Hemlock Road,TjkJouV@hotmail.com,356693744
503,4237 Fir Square,cU5hKdfQpm5pR@tutanota.com,217572434
504,842 Cypress Avenue,G0p0UYIbXkn8l84Wew@disroot.com,681972972
505,3786 Palm Place,dI4U8dktH1ec5SbXK@mailfence.com,171889699
506,1546 Juniper Place,iTLPIA2c7@tutanota.com,321112476
507,1388 Hickory Drive,CCJQ29Ksc6Uty4hyJ@mailfence.com,683018103
508,2078 Spruce Court,ms2PMnn8P0bu7JHpu@yandex.com,429493541
509,7842 Fir Trail,vA9KyMXBjzbFuvQ@tutanota.com,987472184
510,1397 Magnolia Street,3kZ9i9@yahoo.com,356417317
511,1956 Cypress Parkway,mc7GvVdo@startmail.com,629710203
512,2626 Sycamore Court,VypMBGs0ddX00D7iN@icloud.com,403376399
513,1973 Hemlock Place,396pCpvGWa@mailbox.com,059235701
514,2448 Elm Parkway,Y1tf@riseup.com,095873849
515,4886 Pine Street,DRzSUQoMJFWVtc2@kolabnow.com,432039797
516,4230 Elm Boulevard,72BXwET@disroot.com,121017948
517,4731 Willow Commons,ew0d@aol.com,682392753
518,4006 Hickory Street,V3yOWpRU1snE56YWpy@riseup.com,572150657
519,4324 Maple Street,eNT0776RaynvxEqs@outlook.com,924050308
520,1244 Willow Court,sFUQmT5sjcFzAy8@fastmail.com,893379025
521,847 Juniper Commons,KZqL@zoho.com,938587557
522,6144 Sycamore Square,LG0IUv@disroot.com,562294325
523,236 Brent Commons,r5upcLSzS@mailfence.com,771123699
524,5348 Yew Court,4aqfL0lK@zoho.com,686981004
525,3840 Ash Square,nHXUfG4Wh0q9alYH@hushmail.com,963585377
526,1354 Willow Square,PEHBXW11@mailfence.com,502307469
527,336 Cedar Commons,lCtWj@yahoo.com,197664652
528,3144 Juniper Boulevard,IqKNasOPl1@gmail.com,048455229
529,6304 Yew Square,CttelN6kJiTZAwk7@startmail.com,059208774
530,4309 Walnut Court,lpjMh2rZ0VTb7Sjb@riseup.com,282373476
531,3290 Hickory Court,nogCDQX2gzSueGI@yahoo.com,419244115
532,4713 Spruce Commons,nMWD5p6lbYlO@countermail.com,972828833
533,1367 Cedar Lane,FudnQIIq7@riseup.com,434782347
534,98 Linden Street,lnD7yPRiZ9@hushmail.com,671210566
535,7455 Sycamore Avenue,7BU7a89Noo@disroot.com,804031976
536,6318 Palm Court,HpaNXz@icloud.com,851450093
537,6588 Hickory Parkway,X0DYmWLi@yahoo.com,112993375
538,5496 Brent Place,eWPQAKt@outlook.com,308642373
539,7547 Cedar Square,xrBAt6rUehSl1zbO@posteo.com,890511044
540,2041 Brent Avenue,RUPnoHvDBi3zNJ@mailbox.com,053468475
541,3312 Birch Square,SKvAbDwFxIk1o@protonmail.com,223511984
542,7922 Dogwood Parkway,Ua99aHGnu7ObSM@posteo.com,223449097
543,7564 Willow Road,37op6RuTWuc28Yo9@riseup.com,496176333
544,2982 Oak Lane,3J9jx7SM@gmx.com,127491117
545,7268 Hemlock Street,5Av7LfIGy44m6@gmail.com,876897020
546,1106 Linden Square,7UqCMVNOfbm@scryptmail.com,795275574
547,6979 Willow Square,EXdzmB0L@zoho.com,262430677
548,291 Mulberry Trail,gpvj@gmail.com,329602556
549,6640 Ash Court,UHWFX8alLH4tA7m@gmx.com,486292736
550,955 Hemlock Avenue,2Z2Kjlst2@fastmail.com,858240183
551,818 Spruce Square,FljLFcOUBX@disroot.com,695574670
552,553 Linden Place,v6ngcrJiTDOfn5s@mailbox.com,517790919
553,7366 Oak Square,TLkgce93BY2uJ@startmail.com,257035551
554,1994 Pine Commons,BeM0x7QMaRJ@kolabnow.com,248199399
555,6138 Oak Boulevard,cZGv@scryptmail.com,123161103
556,3105 Maple Drive,Ffewp@disroot.com,638824497
557,2149 Fir Boulevard,dy6qq3YNLgFMbUwX@mailbox.com,609344365
558,5715 Ash Boulevard,8c0iaCsWEEdmHJQG@kolabnow.com,922212411
559,5652 Fir Square,BcV0Wj@luxsci.com,911267918
560,1708 Ash Lane,jmvt7kCZ9to@startmail.com,780645381
561,5089 Chestnut Boulevard,TzpF30oE4U2@aol.com,229319199
562,4123 Brent Avenue,etwk4eVi@mailfence.com,584133854
563,107 Hemlock Lane,c0QmCyq1@mailfence.com,793866583
564,999 Ash Street,cLjzmDh8eE5@disroot.com,579215526
565,4078 Cedar Place,Nuu6zRk@icloud.com,683601159
566,4733 Yew Commons,mi9hED83hgSG7zH@gmx.com,992543127
567,2449 Magnolia Street,SwwBxdjvLg@startmail.com,895744510
568,352 Poplar Trail,mZig4N8HrdK@mailfence.com,536010326
569,3771 Brent Boulevard,4BcPIAMpGcqv1eo7@mail.com,948057662
570,6486 Walnut Court,uQLL@ctemplar.com,260037501
571,1966 Fir Place,XvkLYK6gTGQobNVG2@posteo.com,070778825
572,381 Brent Square,zbIkacTQWu@runbox.com,601036843
573,5850 Hickory Drive,l9aX0FDa0qaW@gmail.com,966074543
574,3945 Cypress Boulevard,1OI4m5UODg1NjTniL@ctemplar.com,910698916
575,463 Pine Square,UCFokKBrEEi7psjVS@gmx.com,578124534
576,3822 Juniper Square,n6WwxbZVvGSpQcb7b@gmx.com,117842047
577,6016 Ash Avenue,wfLffMrE@mailbox.com,053944514
578,459 Mulberry Trail,I7xjMAOrhC2KR@hushmail.com,642213605
579,1148 Poplar Square,nCynfTzjhF@disroot.com,643749711
580,2979 Poplar Place,3VY6L@ctemplar.com,486226960
581,5294 Birch Avenue,k9vs2yeg8U@countermail.com,418764550
582,7661 Maple Street,1zuwcGokZFzEgQ9id@posteo.com,809119476
583,4634 Poplar Lane,0omZjk6m@posteo.com,289423110
584,6718 Brent Trail,qKCyv4li@startmail.com,230481948
585,3596 Magnolia Road,LbLl@protonmail.com,653599351
586,3512 Juniper Street,mNd4P@riseup.com,949454292
587,1126 Elm Road,SRop5yxwufbR@posteo.com,238588902
588,3434 Mulberry Parkway,UZhFapoQhQqX@scryptmail.com,515367188
589,6728 Linden Avenue,TSbzjenvdVwLfgZa@countermail.com,602879914
590,6767 Birch Place,4iWSvZzx2oYJXFNp0X@scryptmail.com,047627015
591,328 Poplar Lane,C63iJT9X305PkT52Q@gmx.com,040126600
592,3772 Elm Parkway,aaN0NOhPF@posteo.com,477163360
593,2480 Sycamore Court,PBaSot04t5@riseup.com,996108720
594,1885 Pine Avenue,jJY2@ctemplar.com,940452355
595,3383 Chestnut Commons,Quk9HGONK@mailbox.com,974357343
596,5335 Palm Avenue,SBtOUEmMukTXqQK@hotmail.com,814775800
597,7011 Hemlock Drive,5gYBdv6QBy@mailfence.com,030913089
598,4651 Ash Lane,nBnqvZOWZYXryT@protonmail.com,176952991
599,6173 Magnolia Street,N7SfGqlBrgfjq4@fastmail.com,444010686
600,3059 Birch Court,ObIVuhdvQ2o8tb@startmail.com,499214823
601,146 Palm Street,4fLfNdrpozh2ERRtET@aol.com,801711617
602,4346 Brent Trail,UtZ1pV@runbox.com,958375532
603,5450 Pine Commons,pfLu@zoho.com,686385019
604,4723 Chestnut Square,LUE60qlyeaW@outlook.com,510545960
605,2752 Ash Square,X6XDgrQBe@mail.com,624223754
606,7169 Hemlock Trail,4ttTcM7CMgNfr8cx2@gmail.com,844669181
607,3067 Palm Road,lSBWJkVV96paVDz@mailfence.com,738462767
608,140 Brent Lane,NLBP@mailfence.com,368881743
609,4034 Sycamore Place,tLwoFMNS@disroot.com,177053373
610,1813 Fir Parkway,OHYvgBon9j@ctemplar.com,383494229
611,2222 Oak Street,3awAXtoy0iyW3P@icloud.com,377118158
612,4213 Sycamore Avenue,EAImsusIfHYF9@kolabnow.com,425220307
613,7957 Yew Street,IGO6xvmev8h@gmx.com,415071448
614,3115 Willow Boulevard,7GvQeqGs@fastmail.com,585638596
615,3274 Oak Lane,9TGF54eZ7SNzV@mailbox.com,450494932
616,5805 Ash Court,NOw3g03CWmNyqlKrmP@mailbox.com,762829420
617,2049 Poplar Square,VmSvTLG2@mailfence.com,900403531
618,3250 Walnut Trail,RzI77H@icloud.com,669898062
619,7564 Yew Drive,Ji7u1mY2@outlook.com,725865543
620,400 Linden Lane,Dt6v@hotmail.com,037084464
621,4264 Pine Commons,A98FxLQqY0BJPGH@gmx.com,768055208
622,5700 Poplar Parkway,l6ezvbVQrlZ@startmail.com,762311360
623,1728 Poplar Square,78RC1qQSwzD@disroot.com,130200977
624,4689 Hemlock Avenue,bZ8spO@scryptmail.com,395765434
625,4868 Chestnut Parkway,UKvo3KUb40MdQT5X2@ctemplar.com,334143862
626,7303 Ash Street,jh4iz@kolabnow.com,139368863
627,314 Birch Street,6dF855iZrHvij@gmx.com,785546413
628,117 Pine Drive,F5JbpFpj5wR@outlook.com,036277547
629,3428 Juniper Square,Xfd930D3ML@icloud.com,311875016
630,3423 Palm Road,NHnhr5NRKH@startmail.com,152318215
631,5008 Chestnut Commons,mVFlc@mailbox.com,302557117
632,1274 Fir Drive,sjBtXHljZRVG0DEMky@luxsci.com,327008658
633,6037 Cypress Square,Irt8Og@startmail.com,362109001
634,1265 Brent Road,eYCpeqm@luxsci.com,689517490
635,3629 Hemlock Commons,XpG2@posteo.com,896394763
636,3370 Juniper Court,VZ90R@posteo.com,156417234
637,3250 Ash Court,4jNLyTx2mokjc@outlook.com,069161469
638,6602 Magnolia Parkway,CWtmc@yandex.com,722003969
639,5108 Hemlock Commons,qUThCP2Nd4QoQ87@mailbox.com,928305171
640,6995 Hickory Avenue,lzyx0Zf@outlook.com,848694024
641,6752 Chestnut Drive,q2ZV8MAAfD@mailbox.com,234626201
642,785 Pine Street,G5hshYoIA2vTiUN@icloud.com,938095700
643,3465 Poplar Square,Zv1gK0vg4QxPEjdw@startmail.com,623224072
644,5359 Elm Court,HE5p1Th17jKHYz@zoho.com,756212231
645,4561 Walnut Commons,W0IILRcgv@ctemplar.com,822507895
646,3974 Juniper Street,CVf7NCzE6hWecW75@ctemplar.com,802570412
647,4148 Linden Square,abXqfwxFWlfHc1wm@tutanota.com,730866801
648,3288 Dogwood Avenue,AM7Zak5pJyNiHjyJ@disroot.com,164439365
649,3903 Oak Street,YXcyduIcn3gDb@zoho.com,811495754
650,7649 Ash Commons,kK59zRMIzcQ@mailfence.com,044806554
651,4882 Linden Lane,AGm8wadY2zpHOB@disroot.com,422621757
652,4770 Maple Boulevard,U0ULCf8U2NzLU@mailfence.com,776209970
653,7149 Ash Road,8kks@yahoo.com,129133504
654,2840 Willow Road,hZFJ3ymi4oORZ0tX@tutanota.com,445906000
655,7268 Ash Road,ragaxn0K@gmail.com,202307883
656,4962 Birch Square,BoFw@protonmail.com,312886058
657,426 Poplar Street,pDq2@zoho.com,966513663
658,5340 Chestnut Road,BiE4NQOS6@protonmail.com,076561897
659,5546 Palm Avenue,Uk2D8C@hotmail.com,062837203
660,4716 Juniper Lane,tU54LQ@scryptmail.com,506186612
661,6462 Elm Parkway,7g8XnQPV@mailfence.com,221016757
662,5141 Magnolia Square,ClAT37NB3OAlBcd@runbox.com,816410684
663,2213 Dogwood Trail,88W8RWC@gmail.com,305117164
664,3089 Magnolia Road,2TTbQ8MoPHkUqg5@gmx.com,253271234
665,709 Chestnut Avenue,p2Bm@mailfence.com,610723708
666,6023 Hemlock Boulevard,ajdvOPJYbnkyeYpxG@mailfence.com,887966236
667,299 Linden Parkway,0YpZsXimV4wycEz6YO@mailbox.com,207720734
668,6208 Walnut Square,OxCEciN@tutanota.com,109271980
669,3634 Ash Street,OReS0@kolabnow.com,727708410
670,5550 Elm Boulevard,MNV3Wr3A5tASHeW@riseup.com,733206788
671,7256 Linden Square,ytfdl1@gmx.com,962370696
672,5931 Fir Drive,zcZUrw@mailbox.com,361648441
673,1660 Pine Street,fv2id@posteo.com,870510343
674,4964 Willow Drive,YIJy3dVUcQ4TjCLi@runbox.com,336716076
675,6497 Ash Commons,x1jEYlrLK0bmcw@disroot.com,076688664
676,3030 Yew Commons,iEXqhIoMxqGaD1AJI@mailbox.com,497732074
677,3163 Magnolia Road,0joIrEDw3fL3TF@hotmail.com,559307608
678,511 Palm Trail,WGrkUMIeuW8zyGA7O@mailfence.com,403639058
679,4061 Poplar Trail,m2QtR@riseup.com,588395573
680,5151 Walnut Drive,JUChnnTxgEgPRBiC@gmail.com,803377846
681,5444 Sycamore Boulevard,BEzc6XFFkr3V@ctemplar.com,217161088
682,6250 Willow Drive,Acv6QefkeLH@yahoo.com,840531799
683,1613 Willow Lane,qdMcwGu@scryptmail.com,361978683
684,889 Willow Court,9FY11dIkGPpQb2a@yandex.com,921190035
685,1788 Dogwood Court,YwEMtSZ2EVxc4@runbox.com,433066591
686,4987 Willow Road,U2KiiBMDuEN4pZhFV@hushmail.com,029547030
687,6239 Yew Street,dfwcTY3kE4KiFDkIbJ@mailfence.com,758827845
688,5858 Spruce Drive,NxBQZkBqTv3dOOyVs@yandex.com,674901953
689,2412 Maple Court,8ti1quyJoLppeao@yahoo.com,342504678
690,1424 Walnut Trail,IXUTshkwizSw1Tkre@yandex.com,101385601
691,5260 Cedar Street,wKj90n5yfu3G1f9@luxsci.com,119602519
692,1893 Willow Street,VOVIK@zoho.com,100941135
693,1269 Brent Court,300blK@zoho.com,100108291
694,4230 Juniper Court,Udr1PXgAx@disroot.com,946372641
695,3273 Willow Parkway,8Hv4AkTAtyqSW2eLi@tutanota.com,565964294
696,5863 Sycamore Avenue,Uh2heDQeYJS4G@icloud.com,015537601
697,7373 Brent Street,RW0EU@disroot.com,506836203
698,1638 Maple Boulevard,wswEHRFnc@disroot.com,896729711
699,3742 Elm Boulevard,muvv9ef8nalMW@gmail.com,134981568
700,6795 Sycamore Court,VqW7cHgdAma@aol.com,680844431
701,3515 Oak Boulevard,hdUJSkdem@yahoo.com,129623153
702,4111 Juniper Street,PMDR6znq5x1H1P10mE@hotmail.com,164345973
703,619 Yew Court,wF4sfB@mailfence.com,568843965
704,5375 Fir Place,6mO9kPZRH7l@mailfence.com,996976709
705,2371 Oak Avenue,sIWwL2cI2xcsdtMBi@zoho.com,509218422
706,3552 Hemlock Road,7KWEhmIDq3x9H1Ega@luxsci.com,806934577
707,484 Yew Parkway,QNmKdiu0o@scryptmail.com,113382669
708,1262 Chestnut Court,QSTtPNXt@mailbox.com,013263850
709,5144 Hickory Square,SjjqFRsw7@runbox.com,966523363
710,7961 Linden Drive,PtiGp05SyI@hushmail.com,040230244
711,1991 Hickory Parkway,fo7agX1@mailfence.com,091202671
712,4539 Cypress Drive,fubTfgspTtl2dXuye@ctemplar.com,249835082
713,1380 Spruce Court,CjBS7RUWn@countermail.com,326309123
714,3715 Maple Lane,1Tm1ZGfKv9dHyVS2V@startmail.com,581771396
715,5400 Poplar Trail,Q1GjIPU9uMHEW@mailbox.com,883561163
716,2143 Brent Lane,1oUML3I3wIdo4YUZ@icloud.com,414083487
717,333 Spruce Court,7eXk@mailfence.com,205087785
718,3110 Sycamore Boulevard,quXM6b0@mailfence.com,235230864
719,6907 Magnolia Drive,HlXoRUtVFWnEaZtvt3@protonmail.com,971720974
720,5875 Juniper Commons,XNPSHdF8cg@kolabnow.com,641350681
721,5229 Mulberry Court,tGxq@aol.com,950302823
722,7446 Hemlock Place,DoxOK0WafWXlcATa0@luxsci.com,860910553
723,1702 Birch Lane,LMXY@riseup.com,160119772
724,7161 Hemlock Boulevard,wRD9k99bTUXTOAB@yandex.com,061466009
725,4991 Hemlock Road,tzO19xHQ@mailbox.com,677351517
726,1619 Mulberry Court,br2FPlyf5uWWArkh@gmail.com,398727540
727,5525 Hemlock Road,ndWqPA67uGQaDyZpUd@gmail.com,352036197
728,2838 Maple Drive,9uQx06APhzC@gmx.com,204847611
729,547 Linden Place,IjjkLo2LI9awyjeh@luxsci.com,304162285
730,6287 Walnut Lane,lAorJDBNIXfY@gmail.com,685947299
731,7468 Sycamore Avenue,6fJt3XDTkb93kGgh@mail.com,469939992
732,786 Oak Commons,yghR@gmx.com,606733771
733,6459 Brent Drive,OeOUnn9SMG4paNu3cO@tutanota.com,992220719
734,1858 Cedar Place,3jx0X@mailbox.com,113065051
735,7388 Hickory Parkway,JZUd2c3d4E7jgeJ@protonmail.com,272014882
736,3417 Elm Avenue,wHbzWEmIzlJMO@fastmail.com,714612265
737,2066 Palm Lane,Gi78E4ImzwxN5@startmail.com,886948597
738,5959 Willow Trail,VLyUybbbHuPVnn@outlook.com,625382535
739,5480 Dogwood Commons,jpMivBeRU@ctemplar.com,547241448
740,7195 Hickory Commons,13Zxt0@mail.com,020048799
741,3493 Juniper Avenue,JIQ3J1S8hfVERjp@disroot.com,784239273
742,1215 Willow Lane,aCBY@aol.com,402705728
743,4258 Dogwood Lane,6SuhIPbAFqOs6@fastmail.com,558531321
744,4488 Yew Place,p7zcw1a3HUcXfvTfwV@yandex.com,001476051
745,2245 Cedar Parkway,pWUFduK7BiLc@mailfence.com,026619638
746,5245 Magnolia Drive,ivwX@riseup.com,713979262
747,1887 Hemlock Court,HC3tezjc3k@disroot.com,030826856
748,4578 Linden Road,VAhtO4uIwH8Zd5h@runbox.com,401582404
749,6702 Magnolia Parkway,p3BoCMmsSn1@posteo.com,526564692
750,6290 Hemlock Boulevard,gpdhXDxKH2MYuG@icloud.com,713327829
751,3929 Pine Road,jKweuHQxcCjfbm@gmx.com,507248093
752,6533 Cedar Boulevard,UXKPvm2XMURojNEl@hotmail.com,779473036
753,6769 Magnolia Commons,g6lxcQ5jJYfXkTa6c@tutanota.com,783726382
754,7434 Fir Avenue,jAJSIIFiLkI@icloud.com,271817693
755,3874 Mulberry Trail,53jOzB@gmx.com,753063327
756,4724 Pine Court,4iLQ0H8Lb4BDOmUsx@countermail.com,431978072
757,4751 Sycamore Place,54rZSrCI0pVE@posteo.com,290643920
758,162 Poplar Trail,ggQs@scryptmail.com,327540978
759,7419 Magnolia Lane,60q8q6mUpA4iT@runbox.com,095522395
760,275 Yew Court,lAr7VScj68@aol.com,228471416
761,3671 Hickory Boulevard,nMI5zTaN6e8nU@riseup.com,038714006
762,4450 Poplar Square,t8dWCSg5pKKJ@scryptmail.com,440087632
763,6054 Hemlock Place,RPeOlW@mailfence.com,987943518
764,4020 Palm Court,D3XLiU@luxsci.com,546937613
765,3131 Willow Trail,UnGhX5civi3vb7iN3g@yandex.com,949200219
766,7960 Spruce Avenue,YXewhCffU@ctemplar.com,756679464
767,7546 Spruce Commons,PbmgoxQHPBo@disroot.com,766889452
768,4905 Walnut Road,uGpukga9nWhnT8l@yahoo.com,856178733
769,2134 Pine Parkway,M2qUqbXLjO@outlook.com,532522055
770,7605 Mulberry Place,ni7FGI8rR@yahoo.com,318805964
771,1395 Magnolia Court,9RevBT@runbox.com,134978780
772,2264 Elm Avenue,x5sgY3CZb0@countermail.com,438765712
773,402 Mulberry Trail,uRZEHf0UR@kolabnow.com,599110949
774,5433 Cedar Square,OgyrEeObnIx@gmail.com,282841373
775,5951 Palm Street,kJ8QBoklov5p2SYhE@hotmail.com,092659121
776,540 Cypress Parkway,b9G8DNxWJPxuemfK@ctemplar.com,188596624
777,5353 Hemlock Square,DMHs0qOsG@fastmail.com,085829538
778,2362 Magnolia Drive,1cbizOwAaLCTj@mailbox.com,477692006
779,2139 Spruce Avenue,wUF6YSXbycMjwBh4@mail.com,982527429
780,5138 Maple Court,zFeCX2yvagckUOfa@startmail.com,509991814
781,4898 Magnolia Boulevard,8dJ9NV2@mailbox.com,092176565
782,2052 Juniper Boulevard,wAuQtLPMuem81P5l78@mailbox.com,667945886
783,3967 Chestnut Avenue,vGuckIg21w9M@disroot.com,418594336
784,4458 Maple Place,o0oUJ@scryptmail.com,827787750
785,4371 Elm Boulevard,lBGh4Kc@startmail.com,903059690
786,3035 Poplar Drive,FnrnvS5dI9S@startmail.com,565687216
787,5989 Juniper Lane,rVE83TIIsKR19b@countermail.com,076228891
788,7030 Brent Parkway,OhCLtwliectw@gmx.com,759399036
789,5192 Elm Square,eVe1@tutanota.com,162073371
790,4817 Cedar Court,iugSRjttRCXPM0@hotmail.com,401711561
791,900 Maple Street,veonpHOo@zoho.com,948823394
792,3805 Sycamore Lane,9JHHYu7NaF4K@riseup.com,280939576
793,1946 Poplar Square,SUMdsBDD@gmx.com,735838109
794,2906 Hickory Road,iHYt@hotmail.com,785017752
795,536 Palm Court,ADBWzOtcvJ8jDBirW@disroot.com,096880790
796,3034 Maple Road,G7TxUdntX18lmxZ@hotmail.com,983095008
797,1677 Hickory Avenue,fSwkTEBg83PR5udoi@countermail.com,739619447
798,1646 Palm Square,goenVSfo4a@protonmail.com,252836204
799,585 Fir Street,kiXg2jJZ@hushmail.com,279617663
800,4193 Sycamore Boulevard,93a7cYQ4hy7i7bB@tutanota.com,646592505
801,4343 Hemlock Drive,xPqA9@hotmail.com,419063346
802,6517 Birch Avenue,N1k8HwX@startmail.com,348013770
803,1879 Walnut Boulevard,KfD9yYe9MTCP@gmail.com,750982099
804,1884 Juniper Commons,SH61x2E@gmail.com,864844199
805,2117 Ash Place,wY4A7IPFDC6JPv7t@luxsci.com,281957068
806,2312 Elm Drive,koqLsdkfcm@tutanota.com,844681968
807,6613 Hemlock Parkway,kSXFBDC88U7j@outlook.com,375656287
808,1975 Ash Street,hl84j@mailbox.com,206839546
809,6281 Brent Lane,ZKOoxK1bcZ@outlook.com,043937699
810,5742 Palm Road,2wRxmgkL7YlPPJrJMp@startmail.com,849973159
811,5207 Spruce Place,Qs1z8MTOfY@riseup.com,772354243
812,4585 Palm Road,QScvgJZkXmpUB@tutanota.com,447059951
813,2840 Willow Commons,CNdwnzaAgi@startmail.com,866182994
814,7742 Birch Boulevard,giuVC6iGTMEnj@runbox.com,881027969
815,2363 Hickory Boulevard,oCJKgDv@icloud.com,060137906
816,515 Chestnut Avenue,9yjuM@aol.com,364151671
817,7333 Birch Road,x2WwiZrkX@hushmail.com,931267636
818,1971 Willow Avenue,GRCd3pv0ZF@hotmail.com,865689179
819,1483 Elm Road,a6Lg@countermail.com,541196496
820,3030 Willow Court,xGeNZlQI7NciIZ4f@scryptmail.com,175808635
821,979 Willow Square,Z5GNq9t@mail.com,743372782
822,736 Fir Square,WQ0ab0chWlZ@luxsci.com,446116189
823,6636 Walnut Place,VNL9O8j@aol.com,270194046
824,6552 Elm Place,4HjZ3GiodO7@posteo.com,964290514
825,6871 Juniper Street,C1cZwdqeoYgvdGS8@hotmail.com,033846976
826,4411 Maple Avenue,odpjEQgN@riseup.com,861905213
827,2227 Brent Lane,pAGjRREV0dSStOK@gmx.com,619773079
828,3701 Willow Boulevard,kWApuvC@yahoo.com,666625244
829,7281 Cedar Road,7pDwl@zoho.com,310953366
830,4196 Maple Trail,jcdfDHuuPYUq@zoho.com,948807577
831,1713 Oak Road,Zj0uotfbjGR@icloud.com,254641201
832,1172 Hemlock Parkway,7bYr@hotmail.com,871984136
833,625 Ash Avenue,SlW0F8eiD@mailbox.com,059912900
834,275 Maple Place,YlfSKmhEUE@riseup.com,032605288
835,7458 Sycamore Boulevard,sTLPPpBf6@gmail.com,782588701
836,4527 Elm Court,qF46Tv1f1OsV@yahoo.com,021591642
837,5659 Hemlock Court,q89YJVjl7VRzF@mail.com,773555154
838,6459 Ash Road,qniGfuSEJP@icloud.com,819799091
839,1972 Poplar Court,S9JlUnl@hotmail.com,313352031
840,7193 Birch Trail,IUjN6qpD5PKW@yahoo.com,389250871
841,4834 Dogwood Road,0fNUIloc0z6e@tutanota.com,189579268
842,7746 Chestnut Road,EDfbCuFuv@scryptmail.com,953215361
843,645 Walnut Street,ppaOZje89JzvYdgN@aol.com,719641031
844,5369 Oak Square,NouZGlYGYy2@tutanota.com,221953004
845,2294 Hickory Court,zuJLLY8MqUOJoEP9@ctemplar.com,021644825
846,3586 Brent Drive,qsWMjWXGY@hotmail.com,803270486
847,5838 Ash Square,E2GQ4P7qtcuBy3w@icloud.com,096341377
848,1436 Willow Commons,LRYAwONvzKHwF@hushmail.com,707801413
849,2763 Sycamore Commons,PKPEWK@gmail.com,812951578
850,4684 Oak Lane,3XEyGX1OM49xbA@fastmail.com,511186483
851,7905 Poplar Place,W3Pr9FbEVA8zw5mvs@mailbox.com,534152254
852,5776 Fir Place,Wh40VdNYa03mP0x@tutanota.com,085998812
853,474 Hickory Avenue,LaZRGWrLEi@mailbox.com,301329440
854,4787 Linden Street,u0bkeYpZoEAq@posteo.com,725753731
855,3610 Juniper Avenue,UQ0qzr7xyr@hushmail.com,785485718
856,2780 Juniper Place,ZeraNLHcBBMor@luxsci.com,054251483
857,6969 Hickory Place,9P7TG2nf7eOApRZhy@disroot.com,255523035
858,3646 Fir Place,ceLYR1rBv1bXqz8EVC@zoho.com,201548480
859,5258 Fir Avenue,P7DNRutaepngh7WWqP@yandex.com,615512640
860,2945 Cedar Trail,KCc84gpO7@mailfence.com,029316502
861,2889 Spruce Parkway,5PS9vzG4b6I81zH@countermail.com,565358083
862,323 Dogwood Avenue,PCYF6lU@mailbox.com,719457881
863,2562 Hickory Trail,fPgYrBgH@yandex.com,850695220
864,3304 Hickory Road,MCSMlM@aol.com,160828130
865,3488 Walnut Lane,JbmxuFOCT09e6pvLA@mailfence.com,524599105
866,4360 Yew Lane,hE6p@mailbox.com,387987956
867,5864 Spruce Lane,4HJn73@mailfence.com,111166189
868,3356 Palm Drive,DgyaIQhfMNf0@protonmail.com,641877216
869,3062 Ash Boulevard,YCu1i@mailfence.com,183740563
870,718 Pine Street,k7RjgbaT@hushmail.com,178262777
871,3142 Cypress Place,Q26vhjpG7ncT4Lf@yahoo.com,641825161
872,3682 Oak Square,XTlWNnNAlbOpPs02@tutanota.com,224874309
873,656 Cedar Drive,24YKZhG4lxZnoyq@luxsci.com,110545803
874,1020 Spruce Place,kDOgvESo8kvepsoCU@startmail.com,385029648
875,420 Fir Boulevard,rib8Ppj9tO9h@ctemplar.com,995869929
876,4827 Brent Street,YZ5QzSNQ3TNR8bj@hotmail.com,796011222
877,4063 Elm Avenue,0B7qw4wEV@tutanota.com,224629170
878,2250 Magnolia Road,cDk38@runbox.com,111478100
879,1240 Elm Boulevard,xycazJqo6IY1zbio@protonmail.com,363460133
880,7610 Linden Boulevard,xgEGYHCO@aol.com,794448612
881,6604 Palm Drive,9aHwct829pm@gmail.com,502270782
882,4475 Elm Commons,9cID6K2Y8OJDSz2w@kolabnow.com,209275656
883,146 Fir Street,shwqhupFARlg@aol.com,630308702
884,6769 Cypress Commons,B3urJbVRsr@riseup.com,769358037
885,936 Linden Trail,wTNZup3Rn8tLz7Fi@mailfence.com,326613730
886,1797 Magnolia Parkway,LkpwVA9M0U42p@outlook.com,367851001
887,3670 Spruce Square,jy9aE@hushmail.com,365139587
888,3122 Linden Avenue,jqRBb@fastmail.com,835152932
889,7274 Chestnut Parkway,vd3L@icloud.com,210902330
890,1596 Cedar Street,MwJGKcLmz@zoho.com,265124867
891,4626 Cypress Court,RY0znpOSIp0vMbnJbM@startmail.com,867970961
892,5357 Mulberry Parkway,SbvDn@countermail.com,826513754
893,7231 Mulberry Parkway,1NkGu4sa7AlYb3Qup@startmail.com,000965441
894,7344 Linden Court,DAV7iQDtgJV@outlook.com,446400801
895,4795 Walnut Boulevard,9oN3fTKfDdsQiN@gmx.com,197946383
896,4635 Hemlock Trail,KrV1Xs5mdEpm9g74w@icloud.com,147466566
897,7692 Magnolia Parkway,9GCGfQ0ZN5ZCR58Sw@mailbox.com,981422662
898,6149 Yew Place,6y2tBU@ctemplar.com,168794231
899,3538 Elm Road,JoOVnsMLjKVULaS914@mailbox.com,589356667
900,429 Chestnut Place,VQUsJKQ7@startmail.com,266572007
901,5800 Pine Court,E4FuhuFQ@icloud.com,543284067
902,2481 Dogwood Avenue,3A5hWS4T@disroot.com,861547694
903,7999 Cedar Street,gjoQqM2@tutanota.com,245839791
904,7918 Cedar Place,CrkU8sCekwYWu6@mailfence.com,095908195
905,2745 Magnolia Court,EUhAk0BZUUofj@countermail.com,150417349
906,6826 Spruce Court,OD3G47TU7avE1XlDG0@hushmail.com,763315466
907,4378 Mulberry Trail,dUyYN@mailbox.com,021010177
908,6238 Spruce Trail,fG4BZN2Ov6QUkbE8k@hotmail.com,053561437
909,4910 Linden Boulevard,qNYtjqBSV3XlK@startmail.com,449676295
910,1384 Brent Parkway,M1Uqb94t@kolabnow.com,912676819
911,5662 Sycamore Avenue,5FatrdP9Egv5uYxo@disroot.com,862571478
912,2013 Sycamore Trail,HSiiy5rhc@scryptmail.com,521643653
913,4067 Mulberry Street,lucYzKzWfEYGr7uk@hushmail.com,116889102
914,7265 Juniper Parkway,bVD1yKAFoGAKDl@aol.com,217866916
915,6036 Hickory Court,gmPoibFQJTEyYiV@hushmail.com,648190854
916,7991 Yew Boulevard,zQf5CLNmSeI9A@luxsci.com,298496827
917,4291 Brent Road,LAn5q@disroot.com,013589099
918,6122 Hickory Court,MjoUTidl@outlook.com,315326276
919,4358 Hemlock Street,X95Jbg@mailfence.com,014707865
920,1592 Brent Parkway,Z06dJtrko@tutanota.com,768076013
921,1359 Oak Boulevard,AqDdOUNHf@zoho.com,476001743
922,389 Birch Street,VV240d2iq2@ctemplar.com,955944748
923,2729 Dogwood Boulevard,w3Rog@startmail.com,550682778
924,2641 Fir Lane,mFgyEx@mailbox.com,105188475
925,2250 Chestnut Place,ZnqSc@yandex.com,143949478
926,4049 Oak Court,zpH2G47LbSZobPY@tutanota.com,578799381
927,5179 Birch Road,RmQJxbexqbiWIesn@tutanota.com,857061962
928,6548 Magnolia Place,nqI76ISc01mdaokOTW@mailbox.com,844482476
929,7710 Chestnut Commons,pyTyw5@ctemplar.com,391779753
930,1532 Spruce Trail,0j250z8YWiYw5sAmXj@hotmail.com,445115763
931,3580 Palm Commons,Eotk2P@aol.com,959237879
932,2457 Mulberry Lane,SNR97cq@aol.com,288656102
933,7745 Birch Commons,dWIKQY@riseup.com,466185820
934,2621 Sycamore Drive,oRkZ9JnAnD5WQ@mailfence.com,689683795
935,7072 Chestnut Trail,XqKEcrn8PAidCJNHYb@icloud.com,121560488
936,1544 Oak Boulevard,wr9g5kbnCEPWY9j@tutanota.com,946523276
937,4393 Mulberry Trail,OrEX@mailfence.com,541503338
938,5096 Maple Commons,2jZAdXsLfXLTpqctpL@runbox.com,093713227
939,1170 Elm Parkway,hxGV@fastmail.com,578827593
940,1767 Chestnut Square,Evpf@posteo.com,690018339
941,5053 Birch Street,Zd9LPCjg@startmail.com,069359293
942,5005 Fir Avenue,dPgEaV2WZIP@icloud.com,766131730
943,7032 Palm Trail,2EVg@riseup.com,935458508
944,3513 Dogwood Street,Xsg4Mhhm@disroot.com,384725782
945,614 Linden Place,qvJY5mNwI@hushmail.com,110294229
946,6597 Sycamore Square,WPX0W48BXMPNNm5k@icloud.com,871056460
947,34 Willow Boulevard,BJoPMVEYjGrbrCsQ@hushmail.com,730454289
948,3930 Juniper Trail,4Q3xYTj@outlook.com,779261477
949,6870 Elm Avenue,GzzPGYtnuQN5Z5t0S@mailbox.com,956979885
950,5317 Dogwood Lane,888qtIyavIaCo@countermail.com,928149949
951,1196 Yew Road,4Ki4tSlL@luxsci.com,775685898
952,7872 Dogwood Place,Qp0aWGmWeEx@tutanota.com,074413203
953,1038 Yew Parkway,GeA0XtGEB74Hg73x@hushmail.com,234058475
954,3040 Juniper Commons,D5E2qQTmxNW1EckRJg@protonmail.com,208553591
955,7179 Fir Commons,JX1TdVktpm6@runbox.com,039473672
956,4177 Hickory Lane,PiZb32oPXS@posteo.com,952457928
957,4966 Willow Avenue,X7HRzkkVO2W@outlook.com,250900126
958,3613 Ash Drive,xCOwz9w1B82TxJWm@hotmail.com,183967424
959,2754 Walnut Drive,dZzDbIHB@mailfence.com,619819260
960,6563 Sycamore Square,Il4v@mailbox.com,241644883
961,2346 Linden Lane,3K0b30tQ@gmx.com,867955145
962,4653 Hemlock Boulevard,elNLqxig03@scryptmail.com,098243552
963,5307 Magnolia Parkway,6duEuM@yahoo.com,056615806
964,4267 Yew Commons,Fa9uHVwbbQKX@startmail.com,739684022
965,5230 Spruce Road,MiMibyA4da5PeJx8gW@gmx.com,967568965
966,6927 Pine Parkway,FXm8zP@mailfence.com,823142387
967,7009 Yew Lane,ZHzFeOVyP@luxsci.com,497579512
968,1261 Hemlock Trail,VzUCe0k5BF3g@scryptmail.com,371418981
969,3358 Mulberry Square,P7XT@icloud.com,580742890
970,5326 Mulberry Place,PtIMoUArJYQGi2vNZ@ctemplar.com,913024876
971,2892 Cedar Trail,4VA7WM0hzu4TDJoO3@aol.com,898295109
972,7036 Hemlock Road,7irm35gIl@hushmail.com,754520613
973,3069 Birch Place,zTls4G@protonmail.com,093868159
974,7997 Willow Square,1KmR91b1d@hotmail.com,460275581
975,1414 Cedar Avenue,YVBjai4GgumRov9sF@posteo.com,905394731
976,499 Poplar Square,OZzeagw@startmail.com,366287093
977,168 Brent Road,JZCFoK6f@ctemplar.com,104952566
978,3237 Hemlock Boulevard,JVGKAhtDn@mailfence.com,813084333
979,5168 Spruce Place,GHE3IJaw1mb67LQl3@gmx.com,256090836
980,3917 Yew Boulevard,v5pEp7T2ygMDMD8V1@posteo.com,270952628
981,5294 Hickory Boulevard,6pf0RvIHLZKZWbYJ5@runbox.com,367281883
982,6001 Mulberry Square,VlmsFmbF9l79RRCq@mailfence.com,389529923
983,713 Willow Avenue,txiY2XPacsHQAzdXAm@posteo.com,453400189
984,3342 Hemlock Parkway,e7AHcRv97OUc1RV5O@protonmail.com,158354663
985,2961 Sycamore Trail,5OoPYqW@outlook.com,783579218
986,6043 Yew Road,mA932Gx0tPH0n@kolabnow.com,698216015
987,5155 Cypress Place,ST9kb4@runbox.com,232187940
988,1359 Brent Lane,NZ9AJuj@yandex.com,001832749
989,1632 Yew Road,04Nw9JKFR5B@riseup.com,073500000
990,2646 Birch Court,PWib@riseup.com,916293530
991,1718 Magnolia Commons,icOfCC6@tutanota.com,585509746
992,5555 Juniper Place,dzAjVpCu@yandex.com,610407514
993,2446 Poplar Lane,jufFN3GdD5gVwTNs34@countermail.com,744489454
994,5261 Linden Court,BrvdyNjJprFj@zoho.com,707358972
995,193 Walnut Road,qcLKT2@tutanota.com,805930026
996,2147 Dogwood Boulevard,vfGByJdeN@ctemplar.com,158092001
997,1886 Elm Place,JUt0Y0@tutanota.com,667880398
998,5939 Dogwood Commons,kAPGTqfmp93N@hotmail.com,698094739
999,3115 Fir Road,rNYSbDCmIpT2@mailfence.com,195944755
1000,1223 Cypress Court,efJJCeyFD@fastmail.com,045920987
1001,5497 Fir Place,awuYo1hNxk@yandex.com,911151470
1002,6954 Elm Court,5rY1MpEin0l8L5T@mailbox.com,796972963
1003,6061 Willow Place,A5PF41v@gmail.com,991737146
1004,2658 Dogwood Place,uXF6nDWd9BFPu98O5@posteo.com,777798283
1005,4274 Cedar Avenue,1KIbG@aol.com,783394068
1006,3806 Elm Lane,hyqPbSWey@ctemplar.com,760494615
1007,4713 Cedar Place,PBykbEZ2JLYighBrzC@scryptmail.com,656939345
1008,4554 Willow Place,8syv4w@riseup.com,729577130
1009,7415 Birch Trail,iTn32rm6SnwD@riseup.com,925650134
1010,5582 Chestnut Commons,wmEo1dPGj0ZG6g@tutanota.com,985279223
1011,834 Yew Avenue,nu08E0P2Ac8A@hushmail.com,576023722
1012,4359 Cedar Court,xJ6tY6V2GIaA@mailfence.com,410871191
1013,4874 Willow Commons,pLKVyzTBEX2@ctemplar.com,131325960
1014,5280 Sycamore Parkway,yNvRrQ3@kolabnow.com,448755607
1015,7370 Spruce Trail,JqN0htARNuvyeYV6fq@scryptmail.com,877276028
1016,2667 Cypress Commons,gYoPTRLmxu58hh@kolabnow.com,801258031
1017,7531 Oak Boulevard,4gbB9Cp90Kwclo@zoho.com,030392368
1018,5473 Oak Commons,7CYdbfvx42kqRCiRHC@posteo.com,354970119
1019,1029 Spruce Road,o2Qw@fastmail.com,156471204
1020,7415 Fir Commons,hL2c@protonmail.com,235586221
1021,5653 Cedar Place,TLWR@countermail.com,101830557
1022,6473 Cypress Commons,LCyH@hushmail.com,966581160
1023,4240 Palm Place,90qDllA@runbox.com,238967601
1024,2313 Maple Place,boVpF0g8seg6sH@runbox.com,573448986
1025,1539 Maple Road,G2hM4xxfM0dY285@posteo.com,696516623
1026,3320 Hemlock Square,Oyd3pIIKlavy7bddy@ctemplar.com,083847931
1027,1765 Willow Place,XfDYBu2vL@gmx.com,935068102
1028,4158 Brent Avenue,sdtMGKbjV1IR9q@runbox.com,978171278
1029,7214 Poplar Court,uPzuY@kolabnow.com,987082353
1030,5548 Brent Drive,yHMO7Go95C@yandex.com,906064365
1031,4763 Elm Square,UoWqy6vRe@mailfence.com,872844814
1032,838 Juniper Avenue,ODjeFztCwDnqG1@yandex.com,481084445
1033,6748 Elm Road,2aA4LvY0lPo@scryptmail.com,846805256
1034,4778 Spruce Parkway,MFBUHOR7@hushmail.com,304406521
1035,19 Pine Court,wMjrvCd2yV@luxsci.com,315585762
1036,3482 Cypress Drive,U0Vw6@mailfence.com,605590802
1037,7032 Birch Square,ax9W@mailbox.com,949203139
1038,1637 Brent Trail,0QcDS1zKG2dnD6Kmp7@gmx.com,323759104
1039,2288 Willow Court,hesNSehq58b@icloud.com,470244779
1040,1892 Cypress Lane,WqQ9yn9@luxsci.com,375875647
1041,5017 Pine Lane,9V3g@yahoo.com,758547963
1042,5010 Hickory Court,KNJ1GUQQr1koCiFG@mail.com,178174561
1043,6083 Yew Place,PS5B@disroot.com,201107961
1044,4850 Chestnut Place,9omkO7qq6IlQ@aol.com,750295911
1045,1066 Cypress Trail,SKmn@riseup.com,342606629
1046,3123 Poplar Parkway,XPxtAYTVdIVBBH@hushmail.com,628268232
1047,3951 Spruce Lane,BfQUw@hotmail.com,239488294
1048,4523 Linden Street,kDuXeO7fHxy@mailfence.com,404879937
1049,4602 Sycamore Boulevard,JVcf44@luxsci.com,489932468
1050,2168 Ash Lane,YXvg6ht@mailfence.com,576639303
1051,3571 Palm Court,mJXl3oSgB8NA@ctemplar.com,681247988
1052,5907 Hickory Street,czLN4@gmx.com,501329469
1053,4731 Walnut Commons,RAraFwZFpSg33TjSFk@fastmail.com,931746711
1054,2311 Spruce Square,qbMNfmKITxE@yandex.com,280715687
1055,5921 Dogwood Square,fupwqGAneXHR@outlook.com,334028085
1056,256 Ash Commons,JiOC1Z42@fastmail.com,330791159
1057,3771 Oak Street,U7AsbQyO@tutanota.com,819582692
1058,2124 Mulberry Street,zf1oBj0IIPTvDZt@hotmail.com,988732946
1059,7800 Hemlock Square,Zryw@scryptmail.com,279331258
1060,4794 Poplar Boulevard,6Jo4yoLFqYq@startmail.com,955133440
1061,5222 Cypress Place,swBg@countermail.com,273014162
1062,3082 Spruce Square,kVK5@mail.com,076567216
1063,4485 Chestnut Road,92Khp4CVhJ@fastmail.com,774835592
1064,5862 Brent Court,3Qu45j@zoho.com,018918058
1065,6948 Willow Avenue,uTMxvKq@gmx.com,434064294
1066,4707 Mulberry Commons,YXxj7RXTo@mailfence.com,996363753
1067,6703 Elm Drive,XVNqhB9dBcKNzK4TE@aol.com,392855567
1068,3569 Hemlock Trail,EMbOATx0CKEpaXrqz@gmx.com,507487795
1069,4666 Mulberry Parkway,wUc9V@countermail.com,304746280
1070,4373 Magnolia Parkway,w5RoC7rTvcXxVxi@outlook.com,602510593
1071,3695 Maple Parkway,kMwzfr65cgQ4VAwcGd@icloud.com,362718942
1072,537 Mulberry Trail,2sKmZdnbXo0kMfpktY@ctemplar.com,521454309
1073,904 Ash Court,SzSz6AwTXAMA7NGGq@ctemplar.com,267842134
1074,5952 Dogwood Trail,La9ZNWJNSyCoxv2x0@hushmail.com,186109518
1075,4177 Ash Square,RDl1epnyp2ll2XH@mailfence.com,843221904
1076,4608 Cedar Court,wXiNTyoFlWy@fastmail.com,754618557
1077,5185 Elm Avenue,GxAW6LoY@countermail.com,157309265
1078,4830 Pine Boulevard,fSgownFjM@mailfence.com,720654741
1079,6072 Mulberry Trail,snv7LuTCqtp9a32GZw@mailfence.com,006995500
1080,265 Ash Commons,XvkRs@riseup.com,370274560
1081,2401 Poplar Square,gsD4Pb@startmail.com,261461682
1082,208 Juniper Square,B1Qgaxiq1E6@luxsci.com,548490170
1083,3495 Spruce Boulevard,CoPYPbrMDdE0FI6@outlook.com,864066007
1084,2508 Elm Lane,LYwTxoYG9XWS@hushmail.com,268327738
1085,3989 Mulberry Parkway,DBNIab@mailfence.com,916250864
1086,465 Cedar Court,xuhLMRLZn5CgfCez@scryptmail.com,543172484
1087,5776 Magnolia Street,kxVKdLEGH@mailbox.com,932514443
1088,2801 Linden Lane,jsM2@icloud.com,098354837
1089,4106 Birch Lane,WNYCFlWJXTCe4GN6Q@icloud.com,582651851
1090,4654 Sycamore Court,E7BYB9oxzm43Nnr3iD@gmx.com,985848772
1091,5187 Ash Place,6wdCwFc@fastmail.com,301913422
1092,6318 Sycamore Street,3zGK82Ymx@riseup.com,402004041
1093,2396 Maple Place,he6xBZ3gHXotF@ctemplar.com,783847901
1094,7838 Chestnut Avenue,d0gUA0n296a1z4C4@countermail.com,555953074
1095,2178 Oak Court,uMC9JrWXevUlwjeNY1@gmail.com,092915181
1096,5667 Magnolia Avenue,l37kUzlehqH62Ln@mailfence.com,642104685
1097,492 Magnolia Place,YHankJ@icloud.com,991169683
1098,7060 Fir Lane,45SF@mailfence.com,829199661
1099,3776 Brent Boulevard,seuc@fastmail.com,386391007
1100,770 Dogwood Trail,fmtdv2RXzTDQGNr5Xh@tutanota.com,496159877
1101,5299 Hemlock Commons,ABlSrvJbIjED9@runbox.com,870632565
1102,6729 Mulberry Parkway,oMQ5C43IG8S@gmx.com,994799911
1103,3173 Birch Avenue,Vg5lF0@protonmail.com,597969429
1104,422 Sycamore Trail,bOGk@mailfence.com,618056670
1105,960 Willow Trail,l4GGH@riseup.com,494301105
1106,694 Pine Lane,yjpM1dkLJrb6t@zoho.com,431371456
1107,7100 Magnolia Boulevard,DWrnkNXQOj63yDm@countermail.com,674992838
1108,3516 Palm Avenue,bU5DIdGCYSF@riseup.com,867863905
1109,159 Fir Trail,q3YaZ6JftKzUu8q@mailfence.com,019212163
1110,5857 Palm Court,8lSZlHG@gmx.com,195225093
1111,2048 Maple Road,xaRTOyp3bJ7pkho@posteo.com,545779628
1112,6007 Juniper Avenue,tot43gTmQ@outlook.com,690032280
1113,2 Maple Square,uo5jNMqECH@icloud.com,947365060
1114,6034 Walnut Boulevard,xEvT@fastmail.com,762797567
1115,4630 Juniper Lane,quvmR0gtziZgF@disroot.com,425652930
1116,4831 Yew Lane,4CRMjqzXmqIjqrl@mailbox.com,520324120
1117,4144 Chestnut Square,cSc26YK4Fa9x@icloud.com,973265196
1118,7547 Chestnut Court,Ev3deCuk@aol.com,296841631
1119,6820 Pine Boulevard,nYkaVLGMdaNkYB@ctemplar.com,917447842
1120,1933 Walnut Trail,sfm2O1a@ctemplar.com,724732396
1121,6626 Chestnut Street,6ZR7D@scryptmail.com,220956874
1122,3695 Juniper Parkway,rMQrR@outlook.com,248529423
1123,3841 Sycamore Place,LbrIBizhtsfF7@mailbox.com,251360888
1124,1865 Palm Lane,2462r4dYcPV7m@countermail.com,848955981
1125,3400 Cedar Commons,MXB7HnhY@aol.com,581040037
1126,7787 Cedar Lane,2W8KXqCSyPzDCNADm@posteo.com,101672619
1127,7073 Sycamore Avenue,G6T2iN@mailfence.com,130149321
1128,3788 Poplar Parkway,XYHhKbMrmrcBPa6X@yandex.com,057818471
1129,6205 Linden Parkway,DVXEYoR4Hc4k@runbox.com,857452048
1130,5220 Ash Boulevard,XPxFUf5@ctemplar.com,213444523
1131,4912 Dogwood Commons,AAXRHj@kolabnow.com,438404178
1132,3777 Juniper Avenue,LuchFEk3@outlook.com,746414293
1133,2892 Palm Drive,fV5Hf6rOjk9lUE@hotmail.com,118609270
1134,763 Palm Boulevard,IFJl5jHlX0vl5@zoho.com,067517949
1135,2202 Juniper Trail,XPSzhMCKbCDkCTEi6@disroot.com,601573295
1136,6058 Oak Boulevard,HbYKaDzFdD6RUNlR1K@tutanota.com,997266305
1137,1495 Hemlock Place,bO9MENBdqUWR5wwZp5@luxsci.com,968431586
1138,484 Pine Parkway,zynZnT@ctemplar.com,362080045
1139,174 Sycamore Commons,3OBJmnPKhMjW@mailfence.com,508330304
1140,7988 Cedar Square,SUOjOWG@mailbox.com,904107143
1141,5449 Mulberry Road,Q6ysLccfdVItzI@mailfence.com,820975110
1142,23 Chestnut Parkway,hgRdHfuiVU09yX@countermail.com,386111666
1143,1013 Magnolia Court,wlnT0QL52y@mailbox.com,991980340
1144,5357 Yew Commons,0w4yTsdRG@posteo.com,034167226
1145,996 Birch Street,3zHdmdilMuUKW@disroot.com,506808948
1146,1582 Pine Avenue,ZgB1K@riseup.com,111505981
1147,4127 Spruce Drive,YxdptPP@scryptmail.com,366911968
1148,4263 Oak Court,6hHILWH@ctemplar.com,100413994
1149,7549 Juniper Trail,ebxpNOoleeYQoN6Nz@mailfence.com,539967168
1150,7043 Poplar Commons,p9SbQIV@icloud.com,445132172
1151,4988 Willow Parkway,Fbhp@mailbox.com,653322348
1152,1233 Fir Road,yEAdtypuJVf0ZZU@mailfence.com,128748620
1153,5237 Juniper Court,IYJYu@gmail.com,919745870
1154,3451 Oak Trail,PR256hb8X@gmail.com,767119415
1155,4335 Birch Place,EiMcUNV@posteo.com,392704798
1156,2845 Ash Parkway,phLDm@posteo.com,349814970
1157,7376 Palm Square,QBBBHB@disroot.com,187664685
1158,3083 Pine Street,HmueZ@mailbox.com,634274419
1159,3926 Willow Square,aRgnQpgy5D@gmail.com,934385121
1160,5440 Sycamore Avenue,K1TAyr3F6p3Mcu2yQV@gmx.com,523063215
1161,1558 Spruce Street,gUko3j3p7tPF@protonmail.com,154121927
1162,7963 Elm Drive,TFptFKQNT4M1s3e58n@scryptmail.com,160008277
1163,1330 Juniper Road,JdlLn8Huy8Q@protonmail.com,106248413
1164,5750 Willow Lane,n1xwJic2FhR@tutanota.com,516357162
1165,1297 Walnut Drive,6aIglgNrcrbdNm@mailbox.com,867729293
1166,2910 Hickory Road,L6SfAaaKNfOku58w@posteo.com,473575591
1167,281 Sycamore Commons,RBKchcJtdv5jtlPEB@kolabnow.com,761843325
1168,3905 Magnolia Lane,X3l1hEd@ctemplar.com,150769072
1169,6686 Cedar Road,Kpa2cfG7xO02cHwL9@startmail.com,404293932
1170,6802 Cedar Road,hRqZCASrJf@mailbox.com,000512194
1171,314 Magnolia Street,rX8yGc@fastmail.com,233555528
1172,3657 Chestnut Parkway,KanAaOGJqKnPa9U@luxsci.com,933109307
1173,6252 Magnolia Drive,M9hyWwtFLSLgFp@mailbox.com,188318580
1174,7407 Elm Lane,XvyMy8@zoho.com,524698715
1175,7165 Dogwood Court,tHINqaNap@fastmail.com,633847619
1176,6171 Birch Place,T3H6i8RA@gmail.com,730241743
1177,240 Juniper Trail,qVnUA@gmx.com,413636737
1178,5692 Hickory Street,pRYIAiNvLw0q@luxsci.com,934626010
1179,303 Willow Street,O8poTt@scryptmail.com,636203285
1180,3103 Dogwood Parkway,tD9eqTgUt@outlook.com,725695292
1181,3157 Fir Street,kaPBVZR4rw8il@gmx.com,905378944
1182,5150 Hickory Trail,HFZ7z@protonmail.com,504397248
1183,7026 Cypress Commons,8L9NZHdW0WE94@yandex.com,094806674
1184,6436 Walnut Parkway,kqQfzAguUUsLGqm1@scryptmail.com,000446733
1185,199 Juniper Place,GV2mrnoIWq@disroot.com,068248366
1186,7543 Hickory Square,lQR50T@runbox.com,051147421
1187,7747 Mulberry Commons,OShohIOxR@aol.com,437303038
1188,1985 Hickory Drive,sC8bAHKE@icloud.com,398195084
1189,1094 Willow Parkway,GHbXQ1OP@riseup.com,449835669
1190,4472 Pine Court,7LWmjpt8HO4@mailbox.com,707878874
1191,4117 Birch Trail,pcX0azSPeOzARRRby2@mailbox.com,849162897
1192,7355 Brent Trail,K2E5SH6rkVogr3v@gmx.com,782569782
1193,2081 Willow Lane,VAvZj5CcXpsuYr@icloud.com,340464545
1194,3371 Willow Street,BXrEHYcMoA@riseup.com,594395421
1195,1696 Hemlock Lane,t2jfb@yandex.com,933430793
1196,6370 Yew Boulevard,V8tqQ73IaS1R41@posteo.com,661753968
1197,941 Brent Trail,lIVyhE4p45oIsh@gmx.com,204491685
1198,6557 Juniper Lane,9VupWEc@disroot.com,407642924
1199,2139 Sycamore Square,tLPsfHGOoMNTu0Qe@runbox.com,132548239
1200,6279 Poplar Street,hsbeatVin8TRoKC@ctemplar.com,916370865
1201,6656 Chestnut Place,h36SF6@kolabnow.com,540730854
1202,601 Juniper Parkway,DtL1a1Fc@mailbox.com,860114792
1203,376 Birch Commons,jz7mv@yandex.com,467256466
1204,7277 Ash Road,2j94Km0EeKBCFQS6I@mailfence.com,072310751
1205,3846 Ash Lane,koAo7R@riseup.com,121317652
1206,5333 Hickory Parkway,eddW9bqnGTzma@yandex.com,149447574
1207,1315 Hemlock Square,3YQHvEHHqoVhSDrX@aol.com,988555255
1208,2327 Walnut Road,B6VCJ3Q9l0@outlook.com,654731334
1209,7545 Walnut Avenue,ji1BH7Ci@fastmail.com,715543401
1210,5182 Brent Avenue,P01yJvwMT1qNBLf@gmx.com,181313892
1211,4484 Mulberry Boulevard,E4BydD0vAb5GTfkh9p@hotmail.com,193556681
1212,5820 Cedar Place,MEXc4EtFLDNz0A5@ctemplar.com,243409591
1213,4759 Fir Boulevard,HFed8CFeLA@mailbox.com,740124903
1214,2681 Chestnut Trail,sgqa8c@ctemplar.com,104096455
1215,5322 Palm Trail,AdE1DF@luxsci.com,352646535
1216,5049 Mulberry Boulevard,Fp7CYm9b@luxsci.com,600128765
1217,5786 Mulberry Road,6Zn9Zsj9vhpkqSIU@tutanota.com,102210764
1218,3958 Pine Court,Oa3eJpsVFhV16nm@mail.com,592644856
1219,4790 Palm Avenue,siqN4J7eRIEs@scryptmail.com,485187128
1220,7314 Brent Trail,VRVKHc8CPpljz3Qa@gmx.com,022519215
1221,2198 Magnolia Drive,LVZ70K0C7DetVvU5@yandex.com,009864449
1222,3027 Spruce Court,dN4eT4Go6D8QrLU@ctemplar.com,280247010
1223,69 Brent Drive,PihufzhS2iGIWz@posteo.com,575286007
1224,7842 Pine Lane,xQCEuUE@yahoo.com,067817326
1225,166 Ash Place,dCMIoCoXmTq8ucQK@mailbox.com,224196036
1226,2484 Fir Drive,zCksOlyIosq@zoho.com,661412725
1227,318 Birch Commons,u4M4SV@gmx.com,540058895
1228,5357 Palm Lane,BSF268BU25g3@hotmail.com,290467625
1229,7989 Dogwood Commons,cTSkxj@gmail.com,951148103
1230,5376 Fir Court,ydcCnDX6ta2dk@mailfence.com,409747632
1231,110 Dogwood Street,fNUKVw@runbox.com,523376705
1232,210 Palm Commons,GX6N@posteo.com,110590216
1233,5131 Hemlock Lane,q7rn9bDmz6prX@disroot.com,142233767
1234,5737 Willow Lane,Mli6P8FyYhMsm@mail.com,091196716
1235,5830 Brent Parkway,URv8pj@mailfence.com,922610876
1236,5772 Yew Avenue,KznPMmWQlZM@yahoo.com,549489316
1237,5978 Fir Trail,IYAHYRCW3ZPzW8l8@gmail.com,563274098
1238,5537 Elm Place,OaPxIJkovlPlGIfbq@posteo.com,684441662
1239,7371 Linden Place,2gkOcDynz7mVH9MuZ6@icloud.com,215310183
1240,5122 Palm Commons,GuKIyR5@gmx.com,132009037
1241,632 Hemlock Drive,Wn3br6JJgudo@gmail.com,687788707
1242,6910 Pine Avenue,xkPKYtgAR@kolabnow.com,153500524
1243,7805 Poplar Trail,pRGnW34Z6r0l@mailbox.com,108815503
1244,4926 Maple Commons,01jteas5ywjZa@icloud.com,252954044
1245,6866 Elm Square,mOhvyVWsC37beQJB1T@scryptmail.com,041494196
1246,7026 Linden Place,04n3kDa4vKts@mailfence.com,964282371
1247,3027 Cedar Square,3RHUHy2dGRggBY@disroot.com,986306923
1248,2464 Palm Trail,ruf7dLbNfr@icloud.com,770446708
1249,4944 Brent Lane,xIqlwpe@scryptmail.com,149294280
1250,3874 Cypress Commons,BuVXmvDzI@zoho.com,889857644
1251,4958 Walnut Trail,3PdEN6fWI2m@fastmail.com,631722869
1252,1664 Pine Square,RtcoFhEbdAsKr@hotmail.com,146346011
1253,5252 Chestnut Lane,dc1WDM7GSgxD@riseup.com,548697127
1254,5303 Magnolia Boulevard,zt7Dw5jqbBe0Qp@kolabnow.com,486470357
1255,3801 Juniper Boulevard,qhQgXZUAwLm5mnKDiW@hotmail.com,815351319
1256,2151 Hickory Parkway,Gkkmdp@protonmail.com,284133609
1257,4531 Brent Avenue,Z0ykEKLRVKLJpFXg@gmx.com,802990060
1258,7086 Hemlock Lane,f2BPbz4@gmail.com,909020393
1259,7799 Pine Square,OoG9@hushmail.com,872572785
1260,4106 Birch Square,WD5FKJiLVtKeD8@hotmail.com,295079025
1261,7395 Hickory Lane,u69OyL8l0VBUfGk0@protonmail.com,486939967
1262,6960 Spruce Square,fz8y@zoho.com,365819175
1263,6686 Walnut Square,RZnuhTTtVD@zoho.com,103806245
1264,3967 Cedar Commons,09sBHLgAtStZJ@yahoo.com,022257227
1265,3243 Magnolia Road,xvpjGmyLFUDAh@yahoo.com,167584069
1266,5915 Maple Commons,rfeVawxHVOc@mail.com,180983776
1267,2098 Hickory Place,2IiBZGFDlXKv5YrDFS@protonmail.com,661387688
1268,7036 Dogwood Court,1cDllbRG0c@fastmail.com,741724464
1269,4423 Chestnut Lane,GCmlkCsG@disroot.com,834578073
1270,5527 Fir Court,iSXT6Prz2BB@mail.com,533741856
1271,6539 Palm Court,baNXsu72eEgfEbq2@outlook.com,579456902
1272,7138 Yew Street,QKd1HhYAoEy4Gj9@yandex.com,568285958
1273,5878 Birch Drive,mMeVF7@outlook.com,424061807
1274,3456 Willow Parkway,WQUqYBpFGxFAm@mailfence.com,864236035
1275,5654 Fir Parkway,Q3u9is2i7FUEZxzWm@posteo.com,697349863
1276,654 Cypress Road,wIDymTLUricMo@mail.com,188774158
1277,2688 Fir Commons,LRBkPfQl9bhsdNpjh@countermail.com,124340051
1278,3235 Linden Street,ZmYyeGXNe4J@yandex.com,447406632
1279,4489 Dogwood Drive,7RWpHEZMsGQLgVnL6@runbox.com,938313276
1280,593 Oak Drive,bkNfMX1q0v@mailfence.com,834314819
1281,2874 Hemlock Drive,tbHCx@zoho.com,495148321
1282,2570 Yew Court,h6oEsZciA0PEQa3@scryptmail.com,847282037
1283,5483 Mulberry Commons,AmUQaeCbMvkazae@mailfence.com,443992618
1284,4360 Cypress Commons,9UJrIhUbXJoxE@mail.com,552723520
1285,74 Maple Commons,p7ltGOde5DTwZKuOjV@mailbox.com,596277901
1286,1309 Linden Square,Bbkv@mailfence.com,275690925
1287,6629 Mulberry Avenue,NAijxwRHw7hXRTX@mail.com,143293642
1288,4874 Oak Place,1nc2cYu4Y3a@countermail.com,133285617
1289,2387 Willow Trail,mCZSDEvFNThUVkZ7B@outlook.com,796614093
1290,6398 Magnolia Drive,s868RNKLk@countermail.com,607425308
1291,4301 Pine Commons,qsJabHA@hotmail.com,945002103
1292,3442 Willow Court,8BFIDKViCow3mkQx@yandex.com,142587782
1293,24 Magnolia Drive,ePNo57WLZsrhkTKYm@ctemplar.com,509552562
1294,1844 Palm Square,afMDkU@posteo.com,175294664
1295,6253 Hemlock Street,vn60wp066g7soK6@mailbox.com,632073880
1296,5544 Cedar Avenue,b5jIvc1lBj@mailbox.com,455533974
1297,6114 Brent Square,Z6sPhlGrM@kolabnow.com,221875712
1298,2516 Cypress Commons,MF9zb6ITmd1Vfn@tutanota.com,869031974
1299,3766 Birch Lane,0YabDXmGNeq@hushmail.com,577771624
1300,4344 Linden Lane,9bjsdPiOlCtT4q@luxsci.com,348238565
1301,2815 Pine Avenue,pc98R@mailbox.com,384128854
1302,4568 Dogwood Court,g51ZI7oZv5VaO@gmx.com,666678179
1303,434 Cedar Boulevard,yn9sJ6Smkfak7kr0@riseup.com,911756147
1304,5720 Yew Drive,dl59hPPfLrVU@mail.com,743184069
1305,1020 Juniper Court,Abn4@scryptmail.com,646147841
1306,3812 Brent Commons,DnY4lmjJ@mailbox.com,558373357
1307,2192 Dogwood Avenue,sS0I9lB0qSsDf110c@mailfence.com,424941572
1308,4647 Chestnut Square,mjc6YCeIUpqnkkF@outlook.com,731986616
1309,2079 Ash Square,gltseYO2fIhf8NxZ@hotmail.com,765154392
1310,3022 Elm Place,bptcIHv0jo@startmail.com,663113702
1311,2077 Sycamore Drive,UkXa@aol.com,651063771
1312,281 Birch Street,faPi@aol.com,120636126
1313,4651 Chestnut Avenue,OGbO@runbox.com,932691762
1314,7275 Sycamore Road,P10Q0X@icloud.com,971880645
1315,6993 Mulberry Avenue,ALSHI16sL2bQpKGXze@icloud.com,356333608
1316,1729 Poplar Place,Q3xnX6CRrLzHinmMX@scryptmail.com,470253297
1317,2701 Poplar Drive,tTKvOZVkS@runbox.com,777801495
1318,4691 Mulberry Court,10mmmzSjEJFF5hp9Qq@zoho.com,456339177
1319,437 Pine Drive,GXh33lln0qhF4kP@aol.com,275329347
1320,4955 Willow Trail,5594LZCSB2Sf3fm1@aol.com,257676897
1321,1130 Sycamore Place,wnJbPsZmy@ctemplar.com,909006772
1322,1000 Yew Trail,UXzBYL0nU2JS@hotmail.com,061544351
1323,5503 Sycamore Lane,mSmEYWeT@aol.com,101485070
1324,2823 Cypress Road,4IWJ56w@outlook.com,391809563
1325,4756 Palm Trail,r2g9ISSq8Qb8wN1l9@luxsci.com,316910230
1326,6882 Maple Place,zLY6bTCVvIzokiF4n@aol.com,938994602
1327,4196 Hickory Court,zFXhaV@fastmail.com,929749414
1328,7774 Birch Square,xUODuqN@fastmail.com,138515587
1329,3487 Fir Lane,bLYdVskupGcvCYmpD@icloud.com,865038645
1330,2281 Cedar Court,mbMJqk2Qfl@gmx.com,241155764
1331,3651 Poplar Commons,mgOsk7zQNg@aol.com,448003353
1332,4909 Mulberry Lane,TLCDmd@countermail.com,789539524
1333,7929 Oak Parkway,eD3CIg@outlook.com,716018120
1334,4684 Walnut Court,qWOC8LWj84E@yandex.com,476903421
1335,3012 Oak Place,ppnrcGuTZp6T8IDLN@yandex.com,732472506
1336,5085 Ash Boulevard,jtqkXvIoBrTIhHU6@scryptmail.com,711104497
1337,5713 Birch Court,W4gqXll@disroot.com,241806593
1338,616 Magnolia Parkway,QGfnc@hushmail.com,967731514
1339,2481 Sycamore Parkway,kDDHrztwrbKm@zoho.com,911032845
1340,1127 Chestnut Commons,BHgVtZqbebvDl@kolabnow.com,193839743
1341,2761 Poplar Street,Rj2vius@protonmail.com,869699925
1342,3629 Palm Boulevard,3LpoLa6d3YII4gPuGu@countermail.com,157801823
1343,212 Brent Court,rspMJi2me71c5AALk5@mail.com,222265804
1344,6138 Maple Boulevard,Y4p2jKSKhnWS@mail.com,686536682
1345,1324 Yew Court,lbmwpScM@mailbox.com,913934525
1346,7058 Hickory Avenue,IwEy1BPBqfaG5Womj@gmx.com,362850201
1347,7848 Yew Place,cGAjHzZa@scryptmail.com,854140350
1348,5482 Dogwood Court,vzCLCgPgWGAkS@mailfence.com,346780782
1349,2161 Chestnut Boulevard,at2ovPYmPQ4eo@runbox.com,791245540
1350,3240 Oak Boulevard,FXc4CqEg@mailbox.com,825908078
1351,7203 Dogwood Parkway,kBJw0Kf8s89s@mailfence.com,000513060
1352,6102 Magnolia Trail,hk6DijqmF@icloud.com,640995150
1353,2863 Chestnut Parkway,Rlkd@icloud.com,681670963
1354,2473 Dogwood Avenue,9l1iYS7jkyibguiOIF@gmx.com,930100815
1355,1055 Pine Commons,0wiug9mvQ7s9MxloMV@mail.com,040178075
1356,3286 Chestnut Avenue,REy857H3O64whZ8wn@disroot.com,802062143
1357,535 Palm Boulevard,9KrzarsSx37nmc@countermail.com,281290167
1358,1484 Magnolia Street,YRtpHOurrkV@riseup.com,904994460
1359,7774 Fir Square,YdWidZ@mail.com,262104326
1360,5412 Mulberry Place,G9DQQrh@tutanota.com,967106758
1361,3276 Walnut Trail,JanpgRUmfhWs@mailbox.com,147827219
1362,1031 Sycamore Square,2adR@startmail.com,122343995
1363,2909 Maple Boulevard,94jdYBkV7f@runbox.com,887057496
1364,287 Juniper Parkway,jABo5UfSokK@hushmail.com,205258303
1365,2794 Brent Trail,tmOBiWS9RY1EJoY9@scryptmail.com,880426996
1366,5773 Spruce Commons,1Q31x4Go8P@riseup.com,141349061
1367,742 Maple Avenue,sC72N6s6pQViL9B@zoho.com,225314265
1368,898 Birch Commons,m30mr@countermail.com,762628314
1369,4603 Palm Parkway,gjmel@startmail.com,838520394
1370,4272 Poplar Parkway,R1yxqT31WeEBzo@luxsci.com,879222915
1371,1739 Linden Boulevard,gTmqLJySn2O5sEd@fastmail.com,418226140
1372,5375 Brent Road,Uhe5tpCKvKDERFINjs@mailfence.com,814559322
1373,920 Dogwood Boulevard,0EEBxBmuc3zZLd@ctemplar.com,850567186
1374,821 Birch Parkway,bI7LGxhszzCQ@hotmail.com,402835478
1375,7256 Linden Place,Q393sh3lJbgAMFT@yandex.com,586214847
1376,6135 Palm Court,z43PikQnKFRx04@icloud.com,474717482
1377,7459 Walnut Commons,bndmxUo8B1blgcf@protonmail.com,643871091
1378,5217 Dogwood Lane,g4BnhYQK7hzDWtBZ1w@yandex.com,631673865
1379,2916 Willow Trail,Lhgco0B3@kolabnow.com,907232630
1380,4075 Magnolia Boulevard,1YwUR1nhOKkb6z9W1@outlook.com,952887268
1381,5746 Hickory Place,kJ1cw@protonmail.com,158556425
1382,7332 Palm Road,Yd1GiuBP2V7lnfq61Y@luxsci.com,613038772
1383,4666 Brent Lane,GqA4OKL@outlook.com,760751644
1384,5123 Walnut Court,XJGbZ72@countermail.com,256281764
1385,2831 Hemlock Road,FNthewOdDZQ1Ej4w@scryptmail.com,524966115
1386,725 Yew Square,AEonSpJxnkxbudn@countermail.com,449039164
1387,7377 Dogwood Street,p6Ike04sBQHGu3iBwe@yahoo.com,295550948
1388,5722 Mulberry Square,2rict@scryptmail.com,578753022
1389,2106 Sycamore Parkway,nZpkGiFCg3dgHUi@startmail.com,246535366
1390,4341 Hickory Commons,GgxkImXuVz@countermail.com,686928227
1391,3668 Sycamore Court,IilODj5bGWcWi@runbox.com,276414424
1392,7914 Birch Road,yuvEQwnjHiBUPkz@aol.com,735139403
1393,5279 Elm Place,jcYf96QilplwY0s1rI@tutanota.com,844700063
1394,6388 Sycamore Place,7TB5ZaNLEn@kolabnow.com,844351613
1395,1504 Spruce Avenue,DnvOS80y@riseup.com,977348583
1396,700 Birch Road,SsWQh5B8seUtP@startmail.com,646100938
1397,67 Elm Lane,vZ3s@countermail.com,858980788
1398,6370 Fir Commons,SYAWUN379eqsLPWXxQ@posteo.com,075620749
1399,3883 Cypress Court,Svx2U4MkYFj8FIFt@aol.com,304806938
1400,699 Spruce Trail,dNukmSd3UcDhnZRQvC@tutanota.com,352306882
1401,7101 Cypress Place,mx9HgJW@tutanota.com,144678829
1402,5771 Elm Street,RrcqHdijRwXWvR@riseup.com,920632900
1403,5805 Chestnut Street,o8tOVv@aol.com,144364109
1404,6130 Maple Place,LpRS6Js2dkl@ctemplar.com,262070470
1405,2179 Maple Square,l1OE@kolabnow.com,265006115
1406,7225 Magnolia Street,g2lx6d8f6w2I90HPR9@hushmail.com,546726290
1407,6582 Sycamore Trail,RPU745yVuN1@aol.com,755909686
1408,7039 Willow Lane,cofPSVEePAk4gf@startmail.com,804677821
1409,2158 Chestnut Place,qFVCMguy1@riseup.com,521310199
1410,7803 Cedar Street,MpOk6@outlook.com,272779484
1411,5090 Cypress Road,QkB7XvVuJjqLcu@mail.com,989247407
1412,4688 Magnolia Place,vraRiYzkeP@tutanota.com,048442373
1413,1177 Mulberry Place,arMoKHMDvP1dp9JIv@startmail.com,851403342
1414,3952 Walnut Avenue,WGKn6Ybdgz@mailfence.com,083282372
1415,3958 Elm Court,cH7IEMrwzIGj@tutanota.com,278698221
1416,4560 Fir Street,etAZE9i4loU@yahoo.com,344255587
1417,4413 Birch Lane,wQikC5RlRrCzsT@hotmail.com,461847588
1418,5591 Oak Parkway,ibY6J3oV7jxn@tutanota.com,794399714
1419,1604 Hemlock Drive,o6OFelSx5ma@outlook.com,417584835
1420,620 Brent Avenue,1yBdPanpJI062NZa2@riseup.com,509469371
1421,3055 Magnolia Commons,CJhGjh@mailfence.com,512108392
1422,5362 Ash Commons,L6arEi3nbFDVGizfU@mailfence.com,858334078
1423,2133 Dogwood Commons,QHMN9HAP@posteo.com,953618122
1424,2900 Chestnut Trail,BUi2l1QEBX@kolabnow.com,281563388
1425,6250 Brent Avenue,IaC5@posteo.com,170819573
1426,4889 Ash Place,U0pqlKCS1pTAj0L6X@mailbox.com,608220687
1427,7862 Oak Trail,4Rw0bLn6wejn@disroot.com,464736626
1428,5404 Yew Trail,8ASPi@tutanota.com,244152581
1429,2755 Walnut Street,4aMoY6V@ctemplar.com,725097599
1430,3789 Magnolia Lane,JeyO@yahoo.com,007843664
1431,5020 Poplar Square,LHS84XgKk@runbox.com,930233828
1432,1639 Palm Boulevard,ZETwHPbcRWneHBy@riseup.com,591483906
1433,4442 Birch Trail,hYw9@mailfence.com,679309493
1434,2277 Willow Trail,q8pn1yFEtgp56m@countermail.com,453857019
1435,6161 Poplar Street,9NBI6ikA93h7Goa@mailfence.com,192321877
1436,7113 Yew Lane,6fGS6hQFIRgx@gmx.com,771005524
1437,4407 Walnut Avenue,2Xtz2ClDjEqKU@luxsci.com,462914510
1438,1943 Magnolia Commons,aNqS4@fastmail.com,331896392
1439,420 Ash Square,0upzxEx9DD@gmx.com,959096454
1440,316 Mulberry Square,haQ5DQGMgcw@outlook.com,514552648
1441,2772 Pine Commons,C7EKLolGPjj5s@mailbox.com,879743659